pokedex_number,name,type1,type2,hp,attack,defense,sp_attack,sp_defense,speed,generation,is_legendary,height_m,weight_kg,classification,percentage_male,against_bug,against_dark,against_dragon,against_electric,against_fairy,against_fight,against_fire,against_flying,against_ghost,against_grass,against_ground,against_ice,against_normal,against_poison,against_psychic,against_rock,against_steel,against_water
1,Bulbasaur,grass,poison,45,49,49,65,65,45,1,FALSE,0.7,6.9,Seed ,88.1,1,1,1,0.5,0.5,0.5,2,2,1,0.25,1,2,1,1,2,1,1,0.5
2,Ivysaur,grass,poison,60,62,63,80,80,60,1,FALSE,1,13,Seed ,88.1,1,1,1,0.5,0.5,0.5,2,2,1,0.25,1,2,1,1,2,1,1,0.5
3,Venusaur,grass,poison,80,100,123,122,120,80,1,FALSE,2,100,Seed ,88.1,1,1,1,0.5,0.5,0.5,2,2,1,0.25,1,2,1,1,2,1,1,0.5
4,Charmander,fire,,39,52,43,60,50,65,1,FALSE,0.6,8.5,Lizard ,88.1,0.5,1,1,1,0.5,1,0.5,1,1,0.5,2,0.5,1,1,1,2,0.5,2
5,Charmeleon,fire,,58,64,58,80,65,80,1,FALSE,1.1,19,Flame ,88.1,0.5,1,1,1,0.5,1,0.5,1,1,0.5,2,0.5,1,1,1,2,0.5,2
6,Charizard,fire,flying,78,104,78,159,115,100,1,FALSE,1.7,90.5,Flame ,88.1,0.25,1,1,2,0.5,0.5,0.5,1,1,0.25,0,1,1,1,1,4,0.5,2
7,Squirtle,water,,44,48,65,50,64,43,1,FALSE,0.5,9,Tiny Turtle ,88.1,1,1,1,2,1,1,0.5,1,1,2,1,0.5,1,1,1,1,0.5,0.5
8,Wartortle,water,,59,63,80,65,80,58,1,FALSE,1,22.5,Turtle ,88.1,1,1,1,2,1,1,0.5,1,1,2,1,0.5,1,1,1,1,0.5,0.5
9,Blastoise,water,,79,103,120,135,115,78,1,FALSE,1.6,85.5,Shellfish ,88.1,1,1,1,2,1,1,0.5,1,1,2,1,0.5,1,1,1,1,0.5,0.5
10,Caterpie,bug,,45,30,35,20,20,45,1,FALSE,0.3,2.9,Worm ,50,1,1,1,1,1,0.5,2,2,1,0.5,0.5,1,1,1,1,2,1,1
11,Metapod,bug,,50,20,55,25,25,30,1,FALSE,0.7,9.9,Cocoon ,50,1,1,1,1,1,0.5,2,2,1,0.5,0.5,1,1,1,1,2,1,1
12,Butterfree,bug,flying,60,45,50,90,80,70,1,FALSE,1.1,32,Butterfly ,50,0.5,1,1,2,1,0.25,2,2,1,0.25,0,2,1,1,1,4,1,1
13,Weedle,bug,poison,40,35,30,20,20,50,1,FALSE,0.3,3.2,Hairy ,50,0.5,1,1,1,0.5,0.25,2,2,1,0.25,1,1,1,0.5,2,2,1,1
14,Kakuna,bug,poison,45,25,50,25,25,35,1,FALSE,0.6,10,Cocoon ,50,0.5,1,1,1,0.5,0.25,2,2,1,0.25,1,1,1,0.5,2,2,1,1
15,Beedrill,bug,poison,65,150,40,15,80,145,1,FALSE,1,29.5,Poison Bee ,50,0.5,1,1,1,0.5,0.25,2,2,1,0.25,1,1,1,0.5,2,2,1,1
16,Pidgey,normal,flying,40,45,40,35,35,56,1,FALSE,0.3,1.8,Tiny Bird ,50,0.5,1,1,2,1,1,1,1,0,0.5,0,2,1,1,1,2,1,1
17,Pidgeotto,normal,flying,63,60,55,50,50,71,1,FALSE,1.1,30,Bird ,50,0.5,1,1,2,1,1,1,1,0,0.5,0,2,1,1,1,2,1,1
18,Pidgeot,normal,flying,83,80,80,135,80,121,1,FALSE,1.5,39.5,Bird ,50,0.5,1,1,2,1,1,1,1,0,0.5,0,2,1,1,1,2,1,1
19,Rattata,normal,dark,30,56,35,25,35,72,1,FALSE,,,Mouse ,50,1,1,1,1,1,2,1,1,0,1,1,1,1,1,1,1,1,1
20,Raticate,normal,dark,75,71,70,40,80,77,1,FALSE,,,Mouse ,50,1,1,1,1,1,2,1,1,0,1,1,1,1,1,1,1,1,1
21,Spearow,normal,flying,40,60,30,31,31,70,1,FALSE,0.3,2,Tiny Bird ,50,0.5,1,1,2,1,1,1,1,0,0.5,0,2,1,1,1,2,1,1
22,Fearow,normal,flying,65,90,65,61,61,100,1,FALSE,1.2,38,Beak ,50,0.5,1,1,2,1,1,1,1,0,0.5,0,2,1,1,1,2,1,1
23,Ekans,poison,,35,60,44,40,54,55,1,FALSE,2,6.9,Snake ,50,0.5,1,1,1,0.5,0.5,1,1,1,0.5,2,1,1,0.5,2,1,1,1
24,Arbok,poison,,60,95,69,65,79,80,1,FALSE,3.5,65,Cobra ,50,0.5,1,1,1,0.5,0.5,1,1,1,0.5,2,1,1,0.5,2,1,1,1
25,Pikachu,electric,,35,55,40,50,50,90,1,FALSE,0.4,6,Mouse ,50,1,1,1,0.5,1,1,1,0.5,1,1,2,1,1,1,1,1,0.5,1
26,Raichu,electric,electric,60,85,50,95,85,110,1,FALSE,,,Mouse ,50,1,1,1,0.5,1,1,1,0.5,1,1,2,1,1,1,1,1,0.5,1
27,Sandshrew,ground,ice,50,75,90,10,35,40,1,FALSE,,,Mouse ,50,1,1,1,0,1,1,1,1,1,2,1,2,1,0.5,1,0.5,1,2
28,Sandslash,ground,ice,75,100,120,25,65,65,1,FALSE,,,Mouse ,50,1,1,1,0,1,1,1,1,1,2,1,2,1,0.5,1,0.5,1,2
29,Nidoran,poison,,55,47,52,40,40,41,1,FALSE,0.4,7,Poison Pin ,0,0.5,1,1,1,0.5,0.5,1,1,1,0.5,2,1,1,0.5,2,1,1,1
30,Nidorina,poison,,70,62,67,55,55,56,1,FALSE,0.8,20,Poison Pin ,0,0.5,1,1,1,0.5,0.5,1,1,1,0.5,2,1,1,0.5,2,1,1,1
31,Nidoqueen,poison,ground,90,92,87,75,85,76,1,FALSE,1.3,60,Drill ,0,0.5,1,1,0,0.5,0.5,1,1,1,1,2,2,1,0.25,2,0.5,1,2
32,Nidoran,poison,,46,57,40,40,40,50,1,FALSE,0.5,9,Poison Pin ,100,0.5,1,1,1,0.5,0.5,1,1,1,0.5,2,1,1,0.5,2,1,1,1
33,Nidorino,poison,,61,72,57,55,55,65,1,FALSE,0.9,19.5,Poison Pin ,100,0.5,1,1,1,0.5,0.5,1,1,1,0.5,2,1,1,0.5,2,1,1,1
34,Nidoking,poison,ground,81,102,77,85,75,85,1,FALSE,1.4,62,Drill ,100,0.5,1,1,0,0.5,0.5,1,1,1,1,2,2,1,0.25,2,0.5,1,2
35,Clefairy,fairy,,70,45,48,60,65,35,1,FALSE,0.6,7.5,Fairy ,24.6,0.5,0.5,0,1,1,0.5,1,1,1,1,1,1,1,2,1,1,2,1
36,Clefable,fairy,,95,70,73,95,90,60,1,FALSE,1.3,40,Fairy ,24.6,0.5,0.5,0,1,1,0.5,1,1,1,1,1,1,1,2,1,1,2,1
37,Vulpix,fire,ice,38,41,40,50,65,65,1,FALSE,,,Fox ,24.6,0.5,1,1,1,0.5,1,0.5,1,1,0.5,2,0.5,1,1,1,2,0.5,2
38,Ninetales,fire,ice,73,67,75,81,100,109,1,FALSE,,,Fox ,24.6,0.5,1,1,1,0.5,1,0.5,1,1,0.5,2,0.5,1,1,1,2,0.5,2
39,Jigglypuff,normal,fairy,115,45,20,45,25,20,1,FALSE,0.5,5.5,Balloon ,24.6,0.5,0.5,0,1,1,1,1,1,0,1,1,1,1,2,1,1,2,1
40,Wigglytuff,normal,fairy,140,70,45,85,50,45,1,FALSE,1,12,Balloon ,24.6,0.5,0.5,0,1,1,1,1,1,0,1,1,1,1,2,1,1,2,1
41,Zubat,poison,flying,40,45,35,30,40,55,1,FALSE,0.8,7.5,Bat ,50,0.25,1,1,2,0.5,0.25,1,1,1,0.25,0,2,1,0.5,2,2,1,1
42,Golbat,poison,flying,75,80,70,65,75,90,1,FALSE,1.6,55,Bat ,50,0.25,1,1,2,0.5,0.25,1,1,1,0.25,0,2,1,0.5,2,2,1,1
43,Oddish,grass,poison,45,50,55,75,65,30,1,FALSE,0.5,5.4,Weed ,50,1,1,1,0.5,0.5,0.5,2,2,1,0.25,1,2,1,1,2,1,1,0.5
44,Gloom,grass,poison,60,65,70,85,75,40,1,FALSE,0.8,8.6,Weed ,50,1,1,1,0.5,0.5,0.5,2,2,1,0.25,1,2,1,1,2,1,1,0.5
45,Vileplume,grass,poison,75,80,85,110,90,50,1,FALSE,1.2,18.6,Flower ,50,1,1,1,0.5,0.5,0.5,2,2,1,0.25,1,2,1,1,2,1,1,0.5
46,Paras,bug,grass,35,70,55,45,55,25,1,FALSE,0.3,5.4,Mushroom ,50,2,1,1,0.5,1,0.5,4,4,1,0.25,0.25,2,1,2,1,2,1,0.5
47,Parasect,bug,grass,60,95,80,60,80,30,1,FALSE,1,29.5,Mushroom ,50,2,1,1,0.5,1,0.5,4,4,1,0.25,0.25,2,1,2,1,2,1,0.5
48,Venonat,bug,poison,60,55,50,40,55,45,1,FALSE,1,30,Insect ,50,0.5,1,1,1,0.5,0.25,2,2,1,0.25,1,1,1,0.5,2,2,1,1
49,Venomoth,bug,poison,70,65,60,90,75,90,1,FALSE,1.5,12.5,Poison Moth ,50,0.5,1,1,1,0.5,0.25,2,2,1,0.25,1,1,1,0.5,2,2,1,1
50,Diglett,ground,ground,10,55,30,35,45,90,1,FALSE,,,Mole ,50,1,1,1,0,1,1,1,1,1,2,1,2,1,0.5,1,0.5,1,2
51,Dugtrio,ground,ground,35,100,60,50,70,110,1,FALSE,,,Mole ,50,1,1,1,0,1,1,1,1,1,2,1,2,1,0.5,1,0.5,1,2
52,Meowth,normal,dark,40,35,35,50,40,90,1,FALSE,,,Scratch Cat ,50,1,1,1,1,1,2,1,1,0,1,1,1,1,1,1,1,1,1
53,Persian,normal,dark,65,60,60,75,65,115,1,FALSE,,,Classy Cat ,50,1,1,1,1,1,2,1,1,0,1,1,1,1,1,1,1,1,1
54,Psyduck,water,,50,52,48,65,50,55,1,FALSE,0.8,19.6,Duck ,50,1,1,1,2,1,1,0.5,1,1,2,1,0.5,1,1,1,1,0.5,0.5
55,Golduck,water,,80,82,78,95,80,85,1,FALSE,1.7,76.6,Duck ,50,1,1,1,2,1,1,0.5,1,1,2,1,0.5,1,1,1,1,0.5,0.5
56,Mankey,fighting,,40,80,35,35,45,70,1,FALSE,0.5,28,Pig Monkey ,50,0.5,0.5,1,1,2,1,1,2,1,1,1,1,1,1,2,0.5,1,1
57,Primeape,fighting,,65,105,60,60,70,95,1,FALSE,1,32,Pig Monkey ,50,0.5,0.5,1,1,2,1,1,2,1,1,1,1,1,1,2,0.5,1,1
58,Growlithe,fire,,55,70,45,70,50,60,1,FALSE,0.7,19,Puppy ,75.4,0.5,1,1,1,0.5,1,0.5,1,1,0.5,2,0.5,1,1,1,2,0.5,2
59,Arcanine,fire,,90,110,80,100,80,95,1,FALSE,1.9,155,Legendary ,75.4,0.5,1,1,1,0.5,1,0.5,1,1,0.5,2,0.5,1,1,1,2,0.5,2
60,Poliwag,water,,40,50,40,40,40,90,1,FALSE,0.6,12.4,Tadpole ,50,1,1,1,2,1,1,0.5,1,1,2,1,0.5,1,1,1,1,0.5,0.5
61,Poliwhirl,water,,65,65,65,50,50,90,1,FALSE,1,20,Tadpole ,50,1,1,1,2,1,1,0.5,1,1,2,1,0.5,1,1,1,1,0.5,0.5
62,Poliwrath,water,fighting,90,95,95,70,90,70,1,FALSE,1.3,54,Tadpole ,50,0.5,0.5,1,2,2,1,0.5,2,1,2,1,0.5,1,1,2,0.5,0.5,0.5
63,Abra,psychic,,25,20,15,105,55,90,1,FALSE,0.9,19.5,Psi ,75.4,2,2,1,1,1,0.5,1,1,2,1,1,1,1,1,0.5,1,1,1
64,Kadabra,psychic,,40,35,30,120,70,105,1,FALSE,1.3,56.5,Psi ,75.4,2,2,1,1,1,0.5,1,1,2,1,1,1,1,1,0.5,1,1,1
65,Alakazam,psychic,,55,50,65,175,105,150,1,FALSE,1.5,48,Psi ,75.4,2,2,1,1,1,0.5,1,1,2,1,1,1,1,1,0.5,1,1,1
66,Machop,fighting,,70,80,50,35,35,35,1,FALSE,0.8,19.5,Superpower ,75.4,0.5,0.5,1,1,2,1,1,2,1,1,1,1,1,1,2,0.5,1,1
67,Machoke,fighting,,80,100,70,50,60,45,1,FALSE,1.5,70.5,Superpower ,75.4,0.5,0.5,1,1,2,1,1,2,1,1,1,1,1,1,2,0.5,1,1
68,Machamp,fighting,,90,130,80,65,85,55,1,FALSE,1.6,130,Superpower ,75.4,0.5,0.5,1,1,2,1,1,2,1,1,1,1,1,1,2,0.5,1,1
69,Bellsprout,grass,poison,50,75,35,70,30,40,1,FALSE,0.7,4,Flower ,50,1,1,1,0.5,0.5,0.5,2,2,1,0.25,1,2,1,1,2,1,1,0.5
70,Weepinbell,grass,poison,65,90,50,85,45,55,1,FALSE,1,6.4,Flycatcher ,50,1,1,1,0.5,0.5,0.5,2,2,1,0.25,1,2,1,1,2,1,1,0.5
71,Victreebel,grass,poison,80,105,65,100,70,70,1,FALSE,1.7,15.5,Flycatcher ,50,1,1,1,0.5,0.5,0.5,2,2,1,0.25,1,2,1,1,2,1,1,0.5
72,Tentacool,water,poison,40,40,35,50,100,70,1,FALSE,0.9,45.5,Jellyfish ,50,0.5,1,1,2,0.5,0.5,0.5,1,1,1,2,0.5,1,0.5,2,1,0.5,0.5
73,Tentacruel,water,poison,80,70,65,80,120,100,1,FALSE,1.6,55,Jellyfish ,50,0.5,1,1,2,0.5,0.5,0.5,1,1,1,2,0.5,1,0.5,2,1,0.5,0.5
74,Geodude,rock,ground,40,80,100,30,30,20,1,FALSE,,,Rock ,50,1,1,1,0,1,2,0.5,0.5,1,4,2,2,0.5,0.25,1,0.5,2,4
75,Graveler,rock,ground,55,95,115,45,45,35,1,FALSE,,,Rock ,50,1,1,1,0,1,2,0.5,0.5,1,4,2,2,0.5,0.25,1,0.5,2,4
76,Golem,rock,ground,80,120,130,55,65,45,1,FALSE,,,Megaton ,50,1,1,1,0,1,2,0.5,0.5,1,4,2,2,0.5,0.25,1,0.5,2,4
77,Ponyta,fire,,50,85,55,65,65,90,1,FALSE,1,30,Fire Horse ,50,0.5,1,1,1,0.5,1,0.5,1,1,0.5,2,0.5,1,1,1,2,0.5,2
78,Rapidash,fire,,65,100,70,80,80,105,1,FALSE,1.7,95,Fire Horse ,50,0.5,1,1,1,0.5,1,0.5,1,1,0.5,2,0.5,1,1,1,2,0.5,2
79,Slowpoke,water,psychic,90,65,65,40,40,15,1,FALSE,1.2,36,Dopey ,50,2,2,1,2,1,0.5,0.5,1,2,2,1,0.5,1,1,0.5,1,0.5,0.5
80,Slowbro,water,psychic,95,75,180,130,80,30,1,FALSE,1.6,78.5,Hermit Crab ,50,2,2,1,2,1,0.5,0.5,1,2,2,1,0.5,1,1,0.5,1,0.5,0.5
81,Magnemite,electric,steel,25,35,70,95,55,45,1,FALSE,0.3,6,Magnet ,NaN,0.5,1,0.5,0.5,0.5,2,2,0.25,1,0.5,4,0.5,0.5,0,0.5,0.5,0.25,1
82,Magneton,electric,steel,50,60,95,120,70,70,1,FALSE,1,60,Magnet ,NaN,0.5,1,0.5,0.5,0.5,2,2,0.25,1,0.5,4,0.5,0.5,0,0.5,0.5,0.25,1
83,Farfetch'd,normal,flying,52,90,55,58,62,60,1,FALSE,0.8,15,Wild Duck ,50,0.5,1,1,2,1,1,1,1,0,0.5,0,2,1,1,1,2,1,1
84,Doduo,normal,flying,35,85,45,35,35,75,1,FALSE,1.4,39.2,Twin Bird ,50,0.5,1,1,2,1,1,1,1,0,0.5,0,2,1,1,1,2,1,1
85,Dodrio,normal,flying,60,110,70,60,60,110,1,FALSE,1.8,85.2,Triple Bird ,50,0.5,1,1,2,1,1,1,1,0,0.5,0,2,1,1,1,2,1,1
86,Seel,water,,65,45,55,45,70,45,1,FALSE,1.1,90,Sea Lion ,50,1,1,1,2,1,1,0.5,1,1,2,1,0.5,1,1,1,1,0.5,0.5
87,Dewgong,water,ice,90,70,80,70,95,70,1,FALSE,1.7,120,Sea Lion ,50,1,1,1,2,1,2,1,1,1,2,1,0.25,1,1,1,2,1,0.5
88,Grimer,poison,poison,80,80,50,40,50,25,1,FALSE,,,Sludge ,50,0.5,1,1,1,0.5,0.5,1,1,1,0.5,2,1,1,0.5,2,1,1,1
89,Muk,poison,poison,105,105,75,65,100,50,1,FALSE,,,Sludge ,50,0.5,1,1,1,0.5,0.5,1,1,1,0.5,2,1,1,0.5,2,1,1,1
90,Shellder,water,,30,65,100,45,25,40,1,FALSE,0.3,4,Bivalve ,50,1,1,1,2,1,1,0.5,1,1,2,1,0.5,1,1,1,1,0.5,0.5
91,Cloyster,water,ice,50,95,180,85,45,70,1,FALSE,1.5,132.5,Bivalve ,50,1,1,1,2,1,2,1,1,1,2,1,0.25,1,1,1,2,1,0.5
92,Gastly,ghost,poison,30,35,30,100,35,80,1,FALSE,1.3,0.1,Gas ,50,0.25,2,1,1,0.5,0,1,1,2,0.5,2,1,0,0.25,2,1,1,1
93,Haunter,ghost,poison,45,50,45,115,55,95,1,FALSE,1.6,0.1,Gas ,50,0.25,2,1,1,0.5,0,1,1,2,0.5,2,1,0,0.25,2,1,1,1
94,Gengar,ghost,poison,60,65,80,170,95,130,1,FALSE,1.5,40.5,Shadow ,50,0.25,2,1,1,0.5,0,1,1,2,0.5,2,1,0,0.25,2,1,1,1
95,Onix,rock,ground,35,45,160,30,45,70,1,FALSE,8.8,210,Rock Snake ,50,1,1,1,0,1,2,0.5,0.5,1,4,2,2,0.5,0.25,1,0.5,2,4
96,Drowzee,psychic,,60,48,45,43,90,42,1,FALSE,1,32.4,Hypnosis ,50,2,2,1,1,1,0.5,1,1,2,1,1,1,1,1,0.5,1,1,1
97,Hypno,psychic,,85,73,70,73,115,67,1,FALSE,1.6,75.6,Hypnosis ,50,2,2,1,1,1,0.5,1,1,2,1,1,1,1,1,0.5,1,1,1
98,Krabby,water,,30,105,90,25,25,50,1,FALSE,0.4,6.5,River Crab ,50,1,1,1,2,1,1,0.5,1,1,2,1,0.5,1,1,1,1,0.5,0.5
99,Kingler,water,,55,130,115,50,50,75,1,FALSE,1.3,60,Pincer ,50,1,1,1,2,1,1,0.5,1,1,2,1,0.5,1,1,1,1,0.5,0.5
100,Voltorb,electric,,40,30,50,55,55,100,1,FALSE,0.5,10.4,Ball ,NaN,1,1,1,0.5,1,1,1,0.5,1,1,2,1,1,1,1,1,0.5,1
101,Electrode,electric,,60,50,70,80,80,150,1,FALSE,1.2,66.6,Ball ,NaN,1,1,1,0.5,1,1,1,0.5,1,1,2,1,1,1,1,1,0.5,1
102,Exeggcute,grass,psychic,60,40,80,60,45,40,1,FALSE,0.4,2.5,Egg ,50,4,2,1,0.5,1,0.5,2,2,2,0.5,0.5,2,1,2,0.5,1,1,0.5
103,Exeggutor,grass,psychic,95,105,85,125,75,45,1,FALSE,,,Coconut ,50,4,2,1,0.5,1,0.5,2,2,2,0.5,0.5,2,1,2,0.5,1,1,0.5
104,Cubone,ground,,50,50,95,40,50,35,1,FALSE,0.4,6.5,Lonely ,50,1,1,1,0,1,1,1,1,1,2,1,2,1,0.5,1,0.5,1,2
105,Marowak,ground,fire,60,80,110,50,80,45,1,FALSE,,,Bone Keeper ,50,1,1,1,0,1,1,1,1,1,2,1,2,1,0.5,1,0.5,1,2
106,Hitmonlee,fighting,,50,120,53,35,110,87,1,FALSE,1.5,49.8,Kicking ,100,0.5,0.5,1,1,2,1,1,2,1,1,1,1,1,1,2,0.5,1,1
107,Hitmonchan,fighting,,50,105,79,35,110,76,1,FALSE,1.4,50.2,Punching ,100,0.5,0.5,1,1,2,1,1,2,1,1,1,1,1,1,2,0.5,1,1
108,Lickitung,normal,,90,55,75,60,75,30,1,FALSE,1.2,65.5,Licking ,50,1,1,1,1,1,2,1,1,0,1,1,1,1,1,1,1,1,1
109,Koffing,poison,,40,65,95,60,45,35,1,FALSE,0.6,1,Poison Gas ,50,0.5,1,1,1,0.5,0.5,1,1,1,0.5,2,1,1,0.5,2,1,1,1
110,Weezing,poison,,65,90,120,85,70,60,1,FALSE,1.2,9.5,Poison Gas ,50,0.5,1,1,1,0.5,0.5,1,1,1,0.5,2,1,1,0.5,2,1,1,1
111,Rhyhorn,ground,rock,80,85,95,30,30,25,1,FALSE,1,115,Spikes ,50,1,1,1,0,1,2,0.5,0.5,1,4,2,2,0.5,0.25,1,0.5,2,4
112,Rhydon,ground,rock,105,130,120,45,45,40,1,FALSE,1.9,120,Drill ,50,1,1,1,0,1,2,0.5,0.5,1,4,2,2,0.5,0.25,1,0.5,2,4
113,Chansey,normal,,250,5,5,35,105,50,1,FALSE,1.1,34.6,Egg ,0,1,1,1,1,1,2,1,1,0,1,1,1,1,1,1,1,1,1
114,Tangela,grass,,65,55,115,100,40,60,1,FALSE,1,35,Vine ,50,2,1,1,0.5,1,1,2,2,1,0.5,0.5,2,1,2,1,1,1,0.5
115,Kangaskhan,normal,,105,125,100,60,100,100,1,FALSE,2.2,80,Parent ,0,1,1,1,1,1,2,1,1,0,1,1,1,1,1,1,1,1,1
116,Horsea,water,,30,40,70,70,25,60,1,FALSE,0.4,8,Dragon ,50,1,1,1,2,1,1,0.5,1,1,2,1,0.5,1,1,1,1,0.5,0.5
117,Seadra,water,,55,65,95,95,45,85,1,FALSE,1.2,25,Dragon ,50,1,1,1,2,1,1,0.5,1,1,2,1,0.5,1,1,1,1,0.5,0.5
118,Goldeen,water,,45,67,60,35,50,63,1,FALSE,0.6,15,Goldfish ,50,1,1,1,2,1,1,0.5,1,1,2,1,0.5,1,1,1,1,0.5,0.5
119,Seaking,water,,80,92,65,65,80,68,1,FALSE,1.3,39,Goldfish ,50,1,1,1,2,1,1,0.5,1,1,2,1,0.5,1,1,1,1,0.5,0.5
120,Staryu,water,,30,45,55,70,55,85,1,FALSE,0.8,34.5,Starshape ,,1,1,1,2,1,1,0.5,1,1,2,1,0.5,1,1,1,1,0.5,0.5
121,Starmie,water,psychic,60,75,85,100,85,115,1,FALSE,1.1,80,Mysterious ,,2,2,1,2,1,0.5,0.5,1,2,2,1,0.5,1,1,0.5,1,0.5,0.5
122,Mr. Mime,psychic,fairy,40,45,65,100,120,90,1,FALSE,1.3,54.5,Barrier ,50,1,1,0,1,1,0.25,1,1,2,1,1,1,1,2,0.5,1,2,1
123,Scyther,bug,flying,70,110,80,55,80,105,1,FALSE,1.5,56,Mantis ,50,0.5,1,1,2,1,0.25,2,2,1,0.25,0,2,1,1,1,4,1,1
124,Jynx,ice,psychic,65,50,35,115,95,95,1,FALSE,1.4,40.6,Humanshape ,0,2,2,1,1,1,1,2,1,2,1,1,0.5,1,1,0.5,2,2,1
125,Electabuzz,electric,,65,83,57,95,85,105,1,FALSE,1.1,30,Electric ,75.4,1,1,1,0.5,1,1,1,0.5,1,1,2,1,1,1,1,1,0.5,1
126,Magmar,fire,,65,95,57,100,85,93,1,FALSE,1.3,44.5,Spitfire ,75.4,0.5,1,1,1,0.5,1,0.5,1,1,0.5,2,0.5,1,1,1,2,0.5,2
127,Pinsir,bug,,65,155,120,65,90,105,1,FALSE,1.5,55,Stagbeetle ,50,1,1,1,1,1,0.5,2,2,1,0.5,0.5,1,1,1,1,2,1,1
128,Tauros,normal,,75,100,95,40,70,110,1,FALSE,1.4,88.4,Wild Bull ,100,1,1,1,1,1,2,1,1,0,1,1,1,1,1,1,1,1,1
129,Magikarp,water,,20,10,55,15,20,80,1,FALSE,0.9,10,Fish ,50,1,1,1,2,1,1,0.5,1,1,2,1,0.5,1,1,1,1,0.5,0.5
130,Gyarados,water,flying,95,155,109,70,130,81,1,FALSE,6.5,235,Atrocious ,50,0.5,1,1,4,1,0.5,0.5,1,1,1,0,1,1,1,1,2,0.5,0.5
131,Lapras,water,ice,130,85,80,85,95,60,1,FALSE,2.5,220,Transport ,50,1,1,1,2,1,2,1,1,1,2,1,0.25,1,1,1,2,1,0.5
132,Ditto,normal,,48,48,48,48,48,48,1,FALSE,0.3,4,Transform ,,1,1,1,1,1,2,1,1,0,1,1,1,1,1,1,1,1,1
133,Eevee,normal,,55,55,50,45,65,55,1,FALSE,0.3,6.5,Evolution ,88.1,1,1,1,1,1,2,1,1,0,1,1,1,1,1,1,1,1,1
134,Vaporeon,water,,130,65,60,110,95,65,1,FALSE,1,29,Bubble Jet ,88.1,1,1,1,2,1,1,0.5,1,1,2,1,0.5,1,1,1,1,0.5,0.5
135,Jolteon,electric,,65,65,60,110,95,130,1,FALSE,0.8,24.5,Lightning ,88.1,1,1,1,0.5,1,1,1,0.5,1,1,2,1,1,1,1,1,0.5,1
136,Flareon,fire,,65,130,60,95,110,65,1,FALSE,0.9,25,Flame ,88.1,0.5,1,1,1,0.5,1,0.5,1,1,0.5,2,0.5,1,1,1,2,0.5,2
137,Porygon,normal,,65,60,70,85,75,40,1,FALSE,0.8,36.5,Virtual ,,1,1,1,1,1,2,1,1,0,1,1,1,1,1,1,1,1,1
138,Omanyte,rock,water,35,40,100,90,55,35,1,FALSE,0.4,7.5,Spiral ,88.1,1,1,1,2,1,2,0.25,0.5,1,4,2,0.5,0.5,0.5,1,1,1,1
139,Omastar,rock,water,70,60,125,115,70,55,1,FALSE,1,35,Spiral ,88.1,1,1,1,2,1,2,0.25,0.5,1,4,2,0.5,0.5,0.5,1,1,1,1
140,Kabuto,rock,water,30,80,90,55,45,55,1,FALSE,0.5,11.5,Shellfish ,88.1,1,1,1,2,1,2,0.25,0.5,1,4,2,0.5,0.5,0.5,1,1,1,1
141,Kabutops,rock,water,60,115,105,65,70,80,1,FALSE,1.3,40.5,Shellfish ,88.1,1,1,1,2,1,2,0.25,0.5,1,4,2,0.5,0.5,0.5,1,1,1,1
142,Aerodactyl,rock,flying,80,135,85,70,95,150,1,FALSE,1.8,59,Fossil ,88.1,0.5,1,1,2,1,1,0.5,0.5,1,1,0,2,0.5,0.5,1,2,2,2
143,Snorlax,normal,,160,110,65,65,110,30,1,FALSE,2.1,460,Sleeping ,88.1,1,1,1,1,1,2,1,1,0,1,1,1,1,1,1,1,1,1
144,Articuno,ice,flying,90,85,100,95,125,85,1,TRUE,1.7,55.4,Freeze ,NaN,0.5,1,1,2,1,1,2,1,1,0.5,0,1,1,1,1,4,2,1
145,Zapdos,electric,flying,90,90,85,125,90,100,1,TRUE,1.6,52.6,Electric ,NaN,0.5,1,1,1,1,0.5,1,0.5,1,0.5,0,2,1,1,1,2,0.5,1
146,Moltres,fire,flying,90,100,90,125,85,90,1,TRUE,2,60,Flame ,NaN,0.25,1,1,2,0.5,0.5,0.5,1,1,0.25,0,1,1,1,1,4,0.5,2
147,Dratini,dragon,,41,64,45,50,50,50,1,FALSE,1.8,3.3,Dragon ,50,1,1,2,0.5,2,1,0.5,1,1,0.5,1,2,1,1,1,1,1,0.5
148,Dragonair,dragon,,61,84,65,70,70,70,1,FALSE,4,16.5,Dragon ,50,1,1,2,0.5,2,1,0.5,1,1,0.5,1,2,1,1,1,1,1,0.5
149,Dragonite,dragon,flying,91,134,95,100,100,80,1,FALSE,2.2,210,Dragon ,50,0.5,1,2,1,2,0.5,0.5,1,1,0.25,0,4,1,1,1,2,1,0.5
150,Mewtwo,psychic,,106,150,70,194,120,140,1,TRUE,2,122,Genetic ,,2,2,1,1,1,0.5,1,1,2,1,1,1,1,1,0.5,1,1,1
151,Mew,psychic,,100,100,100,100,100,100,1,TRUE,0.4,4,New Species ,,2,2,1,1,1,0.5,1,1,2,1,1,1,1,1,0.5,1,1,1
152,Chikorita,grass,,45,49,65,49,65,45,2,FALSE,0.9,6.4,Leaf ,88.1,2,1,1,0.5,1,1,2,2,1,0.5,0.5,2,1,2,1,1,1,0.5
153,Bayleef,grass,,60,62,80,63,80,60,2,FALSE,1.2,15.8,Leaf ,88.1,2,1,1,0.5,1,1,2,2,1,0.5,0.5,2,1,2,1,1,1,0.5
154,Meganium,grass,,80,82,100,83,100,80,2,FALSE,1.8,100.5,Herb ,88.1,2,1,1,0.5,1,1,2,2,1,0.5,0.5,2,1,2,1,1,1,0.5
155,Cyndaquil,fire,,39,52,43,60,50,65,2,FALSE,0.5,7.9,Fire Mouse ,88.1,0.5,1,1,1,0.5,1,0.5,1,1,0.5,2,0.5,1,1,1,2,0.5,2
156,Quilava,fire,,58,64,58,80,65,80,2,FALSE,0.9,19,Volcano ,88.1,0.5,1,1,1,0.5,1,0.5,1,1,0.5,2,0.5,1,1,1,2,0.5,2
157,Typhlosion,fire,,78,84,78,109,85,100,2,FALSE,1.7,79.5,Volcano ,88.1,0.5,1,1,1,0.5,1,0.5,1,1,0.5,2,0.5,1,1,1,2,0.5,2
158,Totodile,water,,50,65,64,44,48,43,2,FALSE,0.6,9.5,Big Jaw ,88.1,1,1,1,2,1,1,0.5,1,1,2,1,0.5,1,1,1,1,0.5,0.5
159,Croconaw,water,,65,80,80,59,63,58,2,FALSE,1.1,25,Big Jaw ,88.1,1,1,1,2,1,1,0.5,1,1,2,1,0.5,1,1,1,1,0.5,0.5
160,Feraligatr,water,,85,105,100,79,83,78,2,FALSE,2.3,88.8,Big Jaw ,88.1,1,1,1,2,1,1,0.5,1,1,2,1,0.5,1,1,1,1,0.5,0.5
161,Sentret,normal,,35,46,34,35,45,20,2,FALSE,0.8,6,Scout ,50,1,1,1,1,1,2,1,1,0,1,1,1,1,1,1,1,1,1
162,Furret,normal,,85,76,64,45,55,90,2,FALSE,1.8,32.5,Long Body ,50,1,1,1,1,1,2,1,1,0,1,1,1,1,1,1,1,1,1
163,Hoothoot,normal,flying,60,30,30,36,56,50,2,FALSE,0.7,21.2,Owl ,50,0.5,1,1,2,1,1,1,1,0,0.5,0,2,1,1,1,2,1,1
164,Noctowl,normal,flying,100,50,50,86,96,70,2,FALSE,1.6,40.8,Owl ,50,0.5,1,1,2,1,1,1,1,0,0.5,0,2,1,1,1,2,1,1
165,Ledyba,bug,flying,40,20,30,40,80,55,2,FALSE,1,10.8,Five Star ,50,0.5,1,1,2,1,0.25,2,2,1,0.25,0,2,1,1,1,4,1,1
166,Ledian,bug,flying,55,35,50,55,110,85,2,FALSE,1.4,35.6,Five Star ,50,0.5,1,1,2,1,0.25,2,2,1,0.25,0,2,1,1,1,4,1,1
167,Spinarak,bug,poison,40,60,40,40,40,30,2,FALSE,0.5,8.5,String Spit ,50,0.5,1,1,1,0.5,0.25,2,2,1,0.25,1,1,1,0.5,2,2,1,1
168,Ariados,bug,poison,70,90,70,60,70,40,2,FALSE,1.1,33.5,Long Leg ,50,0.5,1,1,1,0.5,0.25,2,2,1,0.25,1,1,1,0.5,2,2,1,1
169,Crobat,poison,flying,85,90,80,70,80,130,2,FALSE,1.8,75,Bat ,50,0.25,1,1,2,0.5,0.25,1,1,1,0.25,0,2,1,0.5,2,2,1,1
170,Chinchou,water,electric,75,38,38,56,56,67,2,FALSE,0.5,12,Angler ,50,1,1,1,1,1,1,0.5,0.5,1,2,2,0.5,1,1,1,1,0.25,0.5
171,Lanturn,water,electric,125,58,58,76,76,67,2,FALSE,1.2,22.5,Light ,50,1,1,1,1,1,1,0.5,0.5,1,2,2,0.5,1,1,1,1,0.25,0.5
172,Pichu,electric,,20,40,15,35,35,60,2,FALSE,0.3,2,Tiny Mouse ,50,1,1,1,0.5,1,1,1,0.5,1,1,2,1,1,1,1,1,0.5,1
173,Cleffa,fairy,,50,25,28,45,55,15,2,FALSE,0.3,3,Star Shape ,24.6,0.5,0.5,0,1,1,0.5,1,1,1,1,1,1,1,2,1,1,2,1
174,Igglybuff,normal,fairy,90,30,15,40,20,15,2,FALSE,0.3,1,Balloon ,24.6,0.5,0.5,0,1,1,1,1,1,0,1,1,1,1,2,1,1,2,1
175,Togepi,fairy,,35,20,65,40,65,20,2,FALSE,0.3,1.5,Spike Ball ,88.1,0.5,0.5,0,1,1,0.5,1,1,1,1,1,1,1,2,1,1,2,1
176,Togetic,fairy,flying,55,40,85,80,105,40,2,FALSE,0.6,3.2,Happiness ,88.1,0.25,0.5,0,2,1,0.25,1,1,1,0.5,0,2,1,2,1,2,2,1
177,Natu,psychic,flying,40,50,45,70,45,70,2,FALSE,0.2,2,Little Bird ,50,1,2,1,2,1,0.25,1,1,2,0.5,0,2,1,1,0.5,2,1,1
178,Xatu,psychic,flying,65,75,70,95,70,95,2,FALSE,1.5,15,Mystic ,50,1,2,1,2,1,0.25,1,1,2,0.5,0,2,1,1,0.5,2,1,1
179,Mareep,electric,,55,40,40,65,45,35,2,FALSE,0.6,7.8,Wool ,50,1,1,1,0.5,1,1,1,0.5,1,1,2,1,1,1,1,1,0.5,1
180,Flaaffy,electric,,70,55,55,80,60,45,2,FALSE,0.8,13.3,Wool ,50,1,1,1,0.5,1,1,1,0.5,1,1,2,1,1,1,1,1,0.5,1
181,Ampharos,electric,,90,95,105,165,110,45,2,FALSE,1.4,61.5,Light ,50,1,1,1,0.5,1,1,1,0.5,1,1,2,1,1,1,1,1,0.5,1
182,Bellossom,grass,,75,80,95,90,100,50,2,FALSE,0.4,5.8,Flower ,50,2,1,1,0.5,1,1,2,2,1,0.5,0.5,2,1,2,1,1,1,0.5
183,Marill,water,fairy,70,20,50,20,50,40,2,FALSE,0.4,8.5,Aquamouse ,50,0.5,0.5,0,2,1,0.5,0.5,1,1,2,1,0.5,1,2,1,1,1,0.5
184,Azumarill,water,fairy,100,50,80,60,80,50,2,FALSE,0.8,28.5,Aquarabbit ,50,0.5,0.5,0,2,1,0.5,0.5,1,1,2,1,0.5,1,2,1,1,1,0.5
185,Sudowoodo,rock,,70,100,115,30,65,30,2,FALSE,1.2,38,Imitation ,50,1,1,1,1,1,2,0.5,0.5,1,2,2,1,0.5,0.5,1,1,2,2
186,Politoed,water,,90,75,75,90,100,70,2,FALSE,1.1,33.9,Frog ,50,1,1,1,2,1,1,0.5,1,1,2,1,0.5,1,1,1,1,0.5,0.5
187,Hoppip,grass,flying,35,35,40,35,55,50,2,FALSE,0.4,0.5,Cottonweed ,50,1,1,1,1,1,0.5,2,2,1,0.25,0,4,1,2,1,2,1,0.5
188,Skiploom,grass,flying,55,45,50,45,65,80,2,FALSE,0.6,1,Cottonweed ,50,1,1,1,1,1,0.5,2,2,1,0.25,0,4,1,2,1,2,1,0.5
189,Jumpluff,grass,flying,75,55,70,55,95,110,2,FALSE,0.8,3,Cottonweed ,50,1,1,1,1,1,0.5,2,2,1,0.25,0,4,1,2,1,2,1,0.5
190,Aipom,normal,,55,70,55,40,55,85,2,FALSE,0.8,11.5,Long Tail ,50,1,1,1,1,1,2,1,1,0,1,1,1,1,1,1,1,1,1
191,Sunkern,grass,,30,30,30,30,30,30,2,FALSE,0.3,1.8,Seed ,50,2,1,1,0.5,1,1,2,2,1,0.5,0.5,2,1,2,1,1,1,0.5
192,Sunflora,grass,,75,75,55,105,85,30,2,FALSE,0.8,8.5,Sun ,50,2,1,1,0.5,1,1,2,2,1,0.5,0.5,2,1,2,1,1,1,0.5
193,Yanma,bug,flying,65,65,45,75,45,95,2,FALSE,1.2,38,Clear Wing ,50,0.5,1,1,2,1,0.25,2,2,1,0.25,0,2,1,1,1,4,1,1
194,Wooper,water,ground,55,45,45,25,25,15,2,FALSE,0.4,8.5,Water Fish ,50,1,1,1,0,1,1,0.5,1,1,4,1,1,1,0.5,1,0.5,0.5,1
195,Quagsire,water,ground,95,85,85,65,65,35,2,FALSE,1.4,75,Water Fish ,50,1,1,1,0,1,1,0.5,1,1,4,1,1,1,0.5,1,0.5,0.5,1
196,Espeon,psychic,,65,65,60,130,95,110,2,FALSE,0.9,26.5,Sun ,88.1,2,2,1,1,1,0.5,1,1,2,1,1,1,1,1,0.5,1,1,1
197,Umbreon,dark,,95,65,110,60,130,65,2,FALSE,1,27,Moonlight ,88.1,2,0.5,1,1,2,2,1,1,0.5,1,1,1,1,1,0,1,1,1
198,Murkrow,dark,flying,60,85,42,85,42,91,2,FALSE,0.5,2.1,Darkness ,50,1,0.5,1,2,2,1,1,1,0.5,0.5,0,2,1,1,0,2,1,1
199,Slowking,water,psychic,95,75,80,100,110,30,2,FALSE,2,79.5,Royal ,50,2,2,1,2,1,0.5,0.5,1,2,2,1,0.5,1,1,0.5,1,0.5,0.5
200,Misdreavus,ghost,,60,60,60,85,85,85,2,FALSE,0.7,1,Screech ,50,0.5,2,1,1,1,0,1,1,2,1,1,1,0,0.5,1,1,1,1
201,Unown,psychic,,48,72,48,72,48,48,2,FALSE,0.5,5,Symbol ,,2,2,1,1,1,0.5,1,1,2,1,1,1,1,1,0.5,1,1,1
202,Wobbuffet,psychic,,190,33,58,33,58,33,2,FALSE,1.3,28.5,Patient ,50,2,2,1,1,1,0.5,1,1,2,1,1,1,1,1,0.5,1,1,1
203,Girafarig,normal,psychic,70,80,65,90,65,85,2,FALSE,1.5,41.5,Long Neck ,50,2,2,1,1,1,1,1,1,0,1,1,1,1,1,0.5,1,1,1
204,Pineco,bug,,50,65,90,35,35,15,2,FALSE,0.6,7.2,Bagworm ,50,1,1,1,1,1,0.5,2,2,1,0.5,0.5,1,1,1,1,2,1,1
205,Forretress,bug,steel,75,90,140,60,60,40,2,FALSE,1.2,125.8,Bagworm ,50,0.5,1,0.5,1,0.5,1,4,1,1,0.25,1,0.5,0.5,0,0.5,1,0.5,1
206,Dunsparce,normal,,100,70,70,65,65,45,2,FALSE,1.5,14,Land Snake ,50,1,1,1,1,1,2,1,1,0,1,1,1,1,1,1,1,1,1
207,Gligar,ground,flying,65,75,105,35,65,85,2,FALSE,1.1,64.8,Flyscorpion ,50,0.5,1,1,0,1,0.5,1,1,1,1,0,4,1,0.5,1,1,1,2
208,Steelix,steel,ground,75,125,230,55,95,30,2,FALSE,9.2,400,Iron Snake ,50,0.5,1,0.5,0,0.5,2,2,0.5,1,1,2,1,0.5,0,0.5,0.25,0.5,2
209,Snubbull,fairy,,60,80,50,40,40,30,2,FALSE,0.6,7.8,Fairy ,24.6,0.5,0.5,0,1,1,0.5,1,1,1,1,1,1,1,2,1,1,2,1
210,Granbull,fairy,,90,120,75,60,60,45,2,FALSE,1.4,48.7,Fairy ,24.6,0.5,0.5,0,1,1,0.5,1,1,1,1,1,1,1,2,1,1,2,1
211,Qwilfish,water,poison,65,95,85,55,55,85,2,FALSE,0.5,3.9,Balloon ,50,0.5,1,1,2,0.5,0.5,0.5,1,1,1,2,0.5,1,0.5,2,1,0.5,0.5
212,Scizor,bug,steel,70,150,140,65,100,75,2,FALSE,1.8,118,Pincer ,50,0.5,1,0.5,1,0.5,1,4,1,1,0.25,1,0.5,0.5,0,0.5,1,0.5,1
213,Shuckle,bug,rock,20,10,230,10,230,5,2,FALSE,0.6,20.5,Mold ,50,1,1,1,1,1,1,1,1,1,1,1,1,0.5,0.5,1,2,2,2
214,Heracross,bug,fighting,80,185,115,40,105,75,2,FALSE,1.5,54,Singlehorn ,50,0.5,0.5,1,1,2,0.5,2,4,1,0.5,0.5,1,1,1,2,1,1,1
215,Sneasel,dark,ice,55,95,55,35,75,115,2,FALSE,0.9,28,Sharp Claw ,50,2,0.5,1,1,2,4,2,1,0.5,1,1,0.5,1,1,0,2,2,1
216,Teddiursa,normal,,60,80,50,50,50,40,2,FALSE,0.6,8.8,Little Bear ,50,1,1,1,1,1,2,1,1,0,1,1,1,1,1,1,1,1,1
217,Ursaring,normal,,90,130,75,75,75,55,2,FALSE,1.8,125.8,Hibernator ,50,1,1,1,1,1,2,1,1,0,1,1,1,1,1,1,1,1,1
218,Slugma,fire,,40,40,40,70,40,20,2,FALSE,0.7,35,Lava ,50,0.5,1,1,1,0.5,1,0.5,1,1,0.5,2,0.5,1,1,1,2,0.5,2
219,Magcargo,fire,rock,60,50,120,90,80,30,2,FALSE,0.8,55,Lava ,50,0.5,1,1,1,0.5,2,0.25,0.5,1,1,4,0.5,0.5,0.5,1,2,1,4
220,Swinub,ice,ground,50,50,40,30,30,50,2,FALSE,0.4,6.5,Pig ,50,1,1,1,0,1,2,2,1,1,2,1,1,1,0.5,1,1,2,2
221,Piloswine,ice,ground,100,100,80,60,60,50,2,FALSE,1.1,55.8,Swine ,50,1,1,1,0,1,2,2,1,1,2,1,1,1,0.5,1,1,2,2
222,Corsola,water,rock,65,55,95,65,95,35,2,FALSE,0.6,5,Coral ,24.6,1,1,1,2,1,2,0.25,0.5,1,4,2,0.5,0.5,0.5,1,1,1,1
223,Remoraid,water,,35,65,35,65,35,65,2,FALSE,0.6,12,Jet ,50,1,1,1,2,1,1,0.5,1,1,2,1,0.5,1,1,1,1,0.5,0.5
224,Octillery,water,,75,105,75,105,75,45,2,FALSE,0.9,28.5,Jet ,50,1,1,1,2,1,1,0.5,1,1,2,1,0.5,1,1,1,1,0.5,0.5
225,Delibird,ice,flying,45,55,45,65,45,75,2,FALSE,0.9,16,Delivery ,50,0.5,1,1,2,1,1,2,1,1,0.5,0,1,1,1,1,4,2,1
226,Mantine,water,flying,85,40,70,80,140,70,2,FALSE,2.1,220,Kite ,50,0.5,1,1,4,1,0.5,0.5,1,1,1,0,1,1,1,1,2,0.5,0.5
227,Skarmory,steel,flying,65,80,140,40,70,70,2,FALSE,1.7,50.5,Armor Bird ,50,0.25,1,0.5,2,0.5,1,2,0.5,1,0.25,0,1,0.5,0,0.5,1,0.5,1
228,Houndour,dark,fire,45,60,30,80,50,65,2,FALSE,0.6,10.8,Dark ,50,1,0.5,1,1,1,2,0.5,1,0.5,0.5,2,0.5,1,1,0,2,0.5,2
229,Houndoom,dark,fire,75,90,90,140,90,115,2,FALSE,1.4,35,Dark ,50,1,0.5,1,1,1,2,0.5,1,0.5,0.5,2,0.5,1,1,0,2,0.5,2
230,Kingdra,water,dragon,75,95,95,95,95,85,2,FALSE,1.8,152,Dragon ,50,1,1,2,1,2,1,0.25,1,1,1,1,1,1,1,1,1,0.5,0.25
231,Phanpy,ground,,90,60,60,40,40,40,2,FALSE,0.5,33.5,Long Nose ,50,1,1,1,0,1,1,1,1,1,2,1,2,1,0.5,1,0.5,1,2
232,Donphan,ground,,90,120,120,60,60,50,2,FALSE,1.1,120,Armor ,50,1,1,1,0,1,1,1,1,1,2,1,2,1,0.5,1,0.5,1,2
233,Porygon2,normal,,85,80,90,105,95,60,2,FALSE,0.6,32.5,Virtual ,,1,1,1,1,1,2,1,1,0,1,1,1,1,1,1,1,1,1
234,Stantler,normal,,73,95,62,85,65,85,2,FALSE,1.4,71.2,Big Horn ,50,1,1,1,1,1,2,1,1,0,1,1,1,1,1,1,1,1,1
235,Smeargle,normal,,55,20,35,20,45,75,2,FALSE,1.2,58,Painter ,50,1,1,1,1,1,2,1,1,0,1,1,1,1,1,1,1,1,1
236,Tyrogue,fighting,,35,35,35,35,35,35,2,FALSE,0.7,21,Scuffle ,100,0.5,0.5,1,1,2,1,1,2,1,1,1,1,1,1,2,0.5,1,1
237,Hitmontop,fighting,,50,95,95,35,110,70,2,FALSE,1.4,48,Handstand ,100,0.5,0.5,1,1,2,1,1,2,1,1,1,1,1,1,2,0.5,1,1
238,Smoochum,ice,psychic,45,30,15,85,65,65,2,FALSE,0.4,6,Kiss ,0,2,2,1,1,1,1,2,1,2,1,1,0.5,1,1,0.5,2,2,1
239,Elekid,electric,,45,63,37,65,55,95,2,FALSE,0.6,23.5,Electric ,75.4,1,1,1,0.5,1,1,1,0.5,1,1,2,1,1,1,1,1,0.5,1
240,Magby,fire,,45,75,37,70,55,83,2,FALSE,0.7,21.4,Live Coal ,75.4,0.5,1,1,1,0.5,1,0.5,1,1,0.5,2,0.5,1,1,1,2,0.5,2
241,Miltank,normal,,95,80,105,40,70,100,2,FALSE,1.2,75.5,Milk Cow ,0,1,1,1,1,1,2,1,1,0,1,1,1,1,1,1,1,1,1
242,Blissey,normal,,255,10,10,75,135,55,2,FALSE,1.5,46.8,Happiness ,0,1,1,1,1,1,2,1,1,0,1,1,1,1,1,1,1,1,1
243,Raikou,electric,,90,85,75,115,100,115,2,TRUE,1.9,178,Thunder ,NaN,1,1,1,0.5,1,1,1,0.5,1,1,2,1,1,1,1,1,0.5,1
244,Entei,fire,,115,115,85,90,75,100,2,TRUE,2.1,198,Volcano ,NaN,0.5,1,1,1,0.5,1,0.5,1,1,0.5,2,0.5,1,1,1,2,0.5,2
245,Suicune,water,,100,75,115,90,115,85,2,TRUE,2,187,Aurora ,,1,1,1,2,1,1,0.5,1,1,2,1,0.5,1,1,1,1,0.5,0.5
246,Larvitar,rock,ground,50,64,50,45,50,41,2,FALSE,0.6,72,Rock Skin ,50,1,1,1,0,1,2,0.5,0.5,1,4,2,2,0.5,0.25,1,0.5,2,4
247,Pupitar,rock,ground,70,84,70,65,70,51,2,FALSE,1.2,152,Hard Shell ,50,1,1,1,0,1,2,0.5,0.5,1,4,2,2,0.5,0.25,1,0.5,2,4
248,Tyranitar,rock,dark,100,164,150,95,120,71,2,FALSE,2,202,Armor ,50,2,0.5,1,1,2,4,0.5,0.5,0.5,2,2,1,0.5,0.5,0,1,2,2
249,Lugia,psychic,flying,106,90,130,90,154,110,2,TRUE,5.2,216,Diving ,,1,2,1,2,1,0.25,1,1,2,0.5,0,2,1,1,0.5,2,1,1
250,Ho-Oh,fire,flying,106,130,90,110,154,90,2,TRUE,3.8,199,Rainbow ,NaN,0.25,1,1,2,0.5,0.5,0.5,1,1,0.25,0,1,1,1,1,4,0.5,2
251,Celebi,psychic,grass,100,100,100,100,100,100,2,TRUE,0.6,5,Time Travel ,,4,2,1,0.5,1,0.5,2,2,2,0.5,0.5,2,1,2,0.5,1,1,0.5
252,Treecko,grass,,40,45,35,65,55,70,3,FALSE,0.5,5,Wood Gecko ,88.1,2,1,1,0.5,1,1,2,2,1,0.5,0.5,2,1,2,1,1,1,0.5
253,Grovyle,grass,,50,65,45,85,65,95,3,FALSE,0.9,21.6,Wood Gecko ,88.1,2,1,1,0.5,1,1,2,2,1,0.5,0.5,2,1,2,1,1,1,0.5
254,Sceptile,grass,,70,110,75,145,85,145,3,FALSE,1.7,52.2,Forest ,88.1,2,1,1,0.5,1,1,2,2,1,0.5,0.5,2,1,2,1,1,1,0.5
255,Torchic,fire,,45,60,40,70,50,45,3,FALSE,0.4,2.5,Chick ,88.1,0.5,1,1,1,0.5,1,0.5,1,1,0.5,2,0.5,1,1,1,2,0.5,2
256,Combusken,fire,fighting,60,85,60,85,60,55,3,FALSE,0.9,19.5,Young Fowl ,88.1,0.25,0.5,1,1,1,1,0.5,2,1,0.5,2,0.5,1,1,2,1,0.5,2
257,Blaziken,fire,fighting,80,160,80,130,80,100,3,FALSE,1.9,52,Blaze ,88.1,0.25,0.5,1,1,1,1,0.5,2,1,0.5,2,0.5,1,1,2,1,0.5,2
258,Mudkip,water,,50,70,50,50,50,40,3,FALSE,0.4,7.6,Mud Fish ,88.1,1,1,1,2,1,1,0.5,1,1,2,1,0.5,1,1,1,1,0.5,0.5
259,Marshtomp,water,ground,70,85,70,60,70,50,3,FALSE,0.7,28,Mud Fish ,88.1,1,1,1,0,1,1,0.5,1,1,4,1,1,1,0.5,1,0.5,0.5,1
260,Swampert,water,ground,100,150,110,95,110,70,3,FALSE,1.5,81.9,Mud Fish ,88.1,1,1,1,0,1,1,0.5,1,1,4,1,1,1,0.5,1,0.5,0.5,1
261,Poochyena,dark,,35,55,35,30,30,35,3,FALSE,0.5,13.6,Bite ,50,2,0.5,1,1,2,2,1,1,0.5,1,1,1,1,1,0,1,1,1
262,Mightyena,dark,,70,90,70,60,60,70,3,FALSE,1,37,Bite ,50,2,0.5,1,1,2,2,1,1,0.5,1,1,1,1,1,0,1,1,1
263,Zigzagoon,normal,,38,30,41,30,41,60,3,FALSE,0.4,17.5,Tiny Racoon ,50,1,1,1,1,1,2,1,1,0,1,1,1,1,1,1,1,1,1
264,Linoone,normal,,78,70,61,50,61,100,3,FALSE,0.5,32.5,Rush ,50,1,1,1,1,1,2,1,1,0,1,1,1,1,1,1,1,1,1
265,Wurmple,bug,,45,45,35,20,30,20,3,FALSE,0.3,3.6,Worm ,50,1,1,1,1,1,0.5,2,2,1,0.5,0.5,1,1,1,1,2,1,1
266,Silcoon,bug,,50,35,55,25,25,15,3,FALSE,0.6,10,Cocoon ,50,1,1,1,1,1,0.5,2,2,1,0.5,0.5,1,1,1,1,2,1,1
267,Beautifly,bug,flying,60,70,50,100,50,65,3,FALSE,1,28.4,Butterfly ,50,0.5,1,1,2,1,0.25,2,2,1,0.25,0,2,1,1,1,4,1,1
268,Cascoon,bug,,50,35,55,25,25,15,3,FALSE,0.7,11.5,Cocoon ,50,1,1,1,1,1,0.5,2,2,1,0.5,0.5,1,1,1,1,2,1,1
269,Dustox,bug,poison,60,50,70,50,90,65,3,FALSE,1.2,31.6,Poison Moth ,50,0.5,1,1,1,0.5,0.25,2,2,1,0.25,1,1,1,0.5,2,2,1,1
270,Lotad,water,grass,40,30,30,40,50,30,3,FALSE,0.5,2.6,Water Weed ,50,2,1,1,1,1,1,1,2,1,1,0.5,1,1,2,1,1,0.5,0.25
271,Lombre,water,grass,60,50,50,60,70,50,3,FALSE,1.2,32.5,Jolly ,50,2,1,1,1,1,1,1,2,1,1,0.5,1,1,2,1,1,0.5,0.25
272,Ludicolo,water,grass,80,70,70,90,100,70,3,FALSE,1.5,55,Carefree ,50,2,1,1,1,1,1,1,2,1,1,0.5,1,1,2,1,1,0.5,0.25
273,Seedot,grass,,40,40,50,30,30,30,3,FALSE,0.5,4,Acorn ,50,2,1,1,0.5,1,1,2,2,1,0.5,0.5,2,1,2,1,1,1,0.5
274,Nuzleaf,grass,dark,70,70,40,60,40,60,3,FALSE,1,28,Wily ,50,4,0.5,1,0.5,2,2,2,2,0.5,0.5,0.5,2,1,2,0,1,1,0.5
275,Shiftry,grass,dark,90,100,60,90,60,80,3,FALSE,1.3,59.6,Wickid ,50,4,0.5,1,0.5,2,2,2,2,0.5,0.5,0.5,2,1,2,0,1,1,0.5
276,Taillow,normal,flying,40,55,30,30,30,85,3,FALSE,0.3,2.3,TinySwallow ,50,0.5,1,1,2,1,1,1,1,0,0.5,0,2,1,1,1,2,1,1
277,Swellow,normal,flying,60,85,60,75,50,125,3,FALSE,0.7,19.8,Swallow ,50,0.5,1,1,2,1,1,1,1,0,0.5,0,2,1,1,1,2,1,1
278,Wingull,water,flying,40,30,30,55,30,85,3,FALSE,0.6,9.5,Seagull ,50,0.5,1,1,4,1,0.5,0.5,1,1,1,0,1,1,1,1,2,0.5,0.5
279,Pelipper,water,flying,60,50,100,95,70,65,3,FALSE,1.2,28,Water Bird ,50,0.5,1,1,4,1,0.5,0.5,1,1,1,0,1,1,1,1,2,0.5,0.5
280,Ralts,psychic,fairy,28,25,25,45,35,40,3,FALSE,0.4,6.6,Feeling ,50,1,1,0,1,1,0.25,1,1,2,1,1,1,1,2,0.5,1,2,1
281,Kirlia,psychic,fairy,38,35,35,65,55,50,3,FALSE,0.8,20.2,Emotion ,50,1,1,0,1,1,0.25,1,1,2,1,1,1,1,2,0.5,1,2,1
282,Gardevoir,psychic,fairy,68,85,65,165,135,100,3,FALSE,1.6,48.4,Embrace ,50,1,1,0,1,1,0.25,1,1,2,1,1,1,1,2,0.5,1,2,1
283,Surskit,bug,water,40,30,32,50,52,65,3,FALSE,0.5,1.7,Pond Skater ,50,1,1,1,2,1,0.5,1,2,1,1,0.5,0.5,1,1,1,2,0.5,0.5
284,Masquerain,bug,flying,70,60,62,100,82,80,3,FALSE,0.8,3.6,Eyeball ,50,0.5,1,1,2,1,0.25,2,2,1,0.25,0,2,1,1,1,4,1,1
285,Shroomish,grass,,60,40,60,40,60,35,3,FALSE,0.4,4.5,Mushroom ,50,2,1,1,0.5,1,1,2,2,1,0.5,0.5,2,1,2,1,1,1,0.5
286,Breloom,grass,fighting,60,130,80,60,60,70,3,FALSE,1.2,39.2,Mushroom ,50,1,0.5,1,0.5,2,1,2,4,1,0.5,0.5,2,1,2,2,0.5,1,0.5
287,Slakoth,normal,,60,60,60,35,35,30,3,FALSE,0.8,24,Slacker ,50,1,1,1,1,1,2,1,1,0,1,1,1,1,1,1,1,1,1
288,Vigoroth,normal,,80,80,80,55,55,90,3,FALSE,1.4,46.5,Wild Monkey ,50,1,1,1,1,1,2,1,1,0,1,1,1,1,1,1,1,1,1
289,Slaking,normal,,150,160,100,95,65,100,3,FALSE,2,130.5,Lazy ,50,1,1,1,1,1,2,1,1,0,1,1,1,1,1,1,1,1,1
290,Nincada,bug,ground,31,45,90,30,30,40,3,FALSE,0.5,5.5,Trainee ,50,1,1,1,0,1,0.5,2,2,1,1,0.5,2,1,0.5,1,1,1,2
291,Ninjask,bug,flying,61,90,45,50,50,160,3,FALSE,0.8,12,Ninja ,50,0.5,1,1,2,1,0.25,2,2,1,0.25,0,2,1,1,1,4,1,1
292,Shedinja,bug,ghost,1,90,45,30,30,40,3,FALSE,0.8,1.2,Shed ,NaN,0.5,2,1,1,1,0,2,2,2,0.5,0.5,1,0,0.5,1,2,1,1
293,Whismur,normal,,64,51,23,51,23,28,3,FALSE,0.6,16.3,Whisper ,50,1,1,1,1,1,2,1,1,0,1,1,1,1,1,1,1,1,1
294,Loudred,normal,,84,71,43,71,43,48,3,FALSE,1,40.5,Big Voice ,50,1,1,1,1,1,2,1,1,0,1,1,1,1,1,1,1,1,1
295,Exploud,normal,,104,91,63,91,73,68,3,FALSE,1.5,84,Loud Noise ,50,1,1,1,1,1,2,1,1,0,1,1,1,1,1,1,1,1,1
296,Makuhita,fighting,,72,60,30,20,30,25,3,FALSE,1,86.4,Guts ,75.4,0.5,0.5,1,1,2,1,1,2,1,1,1,1,1,1,2,0.5,1,1
297,Hariyama,fighting,,144,120,60,40,60,50,3,FALSE,2.3,253.8,Arm Thrust ,75.4,0.5,0.5,1,1,2,1,1,2,1,1,1,1,1,1,2,0.5,1,1
298,Azurill,normal,fairy,50,20,40,20,40,20,3,FALSE,0.2,2,Polka Dot ,24.6,0.5,0.5,0,1,1,1,1,1,0,1,1,1,1,2,1,1,2,1
299,Nosepass,rock,,30,45,135,45,90,30,3,FALSE,1,97,Compass ,50,1,1,1,1,1,2,0.5,0.5,1,2,2,1,0.5,0.5,1,1,2,2
300,Skitty,normal,,50,45,45,35,35,50,3,FALSE,0.6,11,Kitten ,24.6,1,1,1,1,1,2,1,1,0,1,1,1,1,1,1,1,1,1
301,Delcatty,normal,,70,65,65,55,55,90,3,FALSE,1.1,32.6,Prim ,24.6,1,1,1,1,1,2,1,1,0,1,1,1,1,1,1,1,1,1
302,Sableye,dark,ghost,50,85,125,85,115,20,3,FALSE,0.5,11,Darkness ,50,1,1,1,1,2,0,1,1,1,1,1,1,0,0.5,0,1,1,1
303,Mawile,steel,fairy,50,105,125,55,95,50,3,FALSE,0.6,11.5,Deceiver ,50,0.25,0.5,0,1,0.5,1,2,0.5,1,0.5,2,0.5,0.5,0,0.5,0.5,1,1
304,Aron,steel,rock,50,70,100,40,40,30,3,FALSE,0.4,60,Iron Armor ,50,0.5,1,0.5,1,0.5,4,1,0.25,1,1,4,0.5,0.25,0,0.5,0.5,1,2
305,Lairon,steel,rock,60,90,140,50,50,40,3,FALSE,0.9,120,Iron Armor ,50,0.5,1,0.5,1,0.5,4,1,0.25,1,1,4,0.5,0.25,0,0.5,0.5,1,2
306,Aggron,steel,rock,70,140,230,60,80,50,3,FALSE,2.1,360,Iron Armor ,50,0.5,1,0.5,1,0.5,4,1,0.25,1,1,4,0.5,0.25,0,0.5,0.5,1,2
307,Meditite,fighting,psychic,30,40,55,40,55,60,3,FALSE,0.6,11.2,Meditate ,50,1,1,1,1,2,0.5,1,2,2,1,1,1,1,1,1,0.5,1,1
308,Medicham,fighting,psychic,60,100,85,80,85,100,3,FALSE,1.3,31.5,Meditate ,50,1,1,1,1,2,0.5,1,2,2,1,1,1,1,1,1,0.5,1,1
309,Electrike,electric,,40,45,40,65,40,65,3,FALSE,0.6,15.2,Lightning ,50,1,1,1,0.5,1,1,1,0.5,1,1,2,1,1,1,1,1,0.5,1
310,Manectric,electric,,70,75,80,135,80,135,3,FALSE,1.5,40.2,Discharge ,50,1,1,1,0.5,1,1,1,0.5,1,1,2,1,1,1,1,1,0.5,1
311,Plusle,electric,,60,50,40,85,75,95,3,FALSE,0.4,4.2,Cheering ,50,1,1,1,0.5,1,1,1,0.5,1,1,2,1,1,1,1,1,0.5,1
312,Minun,electric,,60,40,50,75,85,95,3,FALSE,0.4,4.2,Cheering ,50,1,1,1,0.5,1,1,1,0.5,1,1,2,1,1,1,1,1,0.5,1
313,Volbeat,bug,,65,73,75,47,85,85,3,FALSE,0.7,17.7,Firefly ,100,1,1,1,1,1,0.5,2,2,1,0.5,0.5,1,1,1,1,2,1,1
314,Illumise,bug,,65,47,75,73,85,85,3,FALSE,0.6,17.7,Firefly ,0,1,1,1,1,1,0.5,2,2,1,0.5,0.5,1,1,1,1,2,1,1
315,Roselia,grass,poison,50,60,45,100,80,65,3,FALSE,0.3,2,Thorn ,50,1,1,1,0.5,0.5,0.5,2,2,1,0.25,1,2,1,1,2,1,1,0.5
316,Gulpin,poison,,70,43,53,43,53,40,3,FALSE,0.4,10.3,Stomach ,50,0.5,1,1,1,0.5,0.5,1,1,1,0.5,2,1,1,0.5,2,1,1,1
317,Swalot,poison,,100,73,83,73,83,55,3,FALSE,1.7,80,Poison Bag ,50,0.5,1,1,1,0.5,0.5,1,1,1,0.5,2,1,1,0.5,2,1,1,1
318,Carvanha,water,dark,45,90,20,65,20,65,3,FALSE,0.8,20.8,Savage ,50,2,0.5,1,2,2,2,0.5,1,0.5,2,1,0.5,1,1,0,1,0.5,0.5
319,Sharpedo,water,dark,70,140,70,110,65,105,3,FALSE,1.8,88.8,Brutal ,50,2,0.5,1,2,2,2,0.5,1,0.5,2,1,0.5,1,1,0,1,0.5,0.5
320,Wailmer,water,,130,70,35,70,35,60,3,FALSE,2,130,Ball Whale ,50,1,1,1,2,1,1,0.5,1,1,2,1,0.5,1,1,1,1,0.5,0.5
321,Wailord,water,,170,90,45,90,45,60,3,FALSE,14.5,398,Float Whale ,50,1,1,1,2,1,1,0.5,1,1,2,1,0.5,1,1,1,1,0.5,0.5
322,Numel,fire,ground,60,60,40,65,45,35,3,FALSE,0.7,24,Numb ,50,0.5,1,1,0,0.5,1,0.5,1,1,1,2,1,1,0.5,1,1,0.5,4
323,Camerupt,fire,ground,70,120,100,145,105,20,3,FALSE,1.9,220,Eruption ,50,0.5,1,1,0,0.5,1,0.5,1,1,1,2,1,1,0.5,1,1,0.5,4
324,Torkoal,fire,,70,85,140,85,70,20,3,FALSE,0.5,80.4,Coal ,50,0.5,1,1,1,0.5,1,0.5,1,1,0.5,2,0.5,1,1,1,2,0.5,2
325,Spoink,psychic,,60,25,35,70,80,60,3,FALSE,0.7,30.6,Bounce ,50,2,2,1,1,1,0.5,1,1,2,1,1,1,1,1,0.5,1,1,1
326,Grumpig,psychic,,80,45,65,90,110,80,3,FALSE,0.9,71.5,Manipulate ,50,2,2,1,1,1,0.5,1,1,2,1,1,1,1,1,0.5,1,1,1
327,Spinda,normal,,60,60,60,60,60,60,3,FALSE,1.1,5,Spot Panda ,50,1,1,1,1,1,2,1,1,0,1,1,1,1,1,1,1,1,1
328,Trapinch,ground,,45,100,45,45,45,10,3,FALSE,0.7,15,Ant Pit ,50,1,1,1,0,1,1,1,1,1,2,1,2,1,0.5,1,0.5,1,2
329,Vibrava,ground,dragon,50,70,50,50,50,70,3,FALSE,1.1,15.3,Vibration ,50,1,1,2,0,2,1,0.5,1,1,1,1,4,1,0.5,1,0.5,1,1
330,Flygon,ground,dragon,80,100,80,80,80,100,3,FALSE,2,82,Mystic ,50,1,1,2,0,2,1,0.5,1,1,1,1,4,1,0.5,1,0.5,1,1
331,Cacnea,grass,,50,85,40,85,40,35,3,FALSE,0.4,51.3,Cactus ,50,2,1,1,0.5,1,1,2,2,1,0.5,0.5,2,1,2,1,1,1,0.5
332,Cacturne,grass,dark,70,115,60,115,60,55,3,FALSE,1.3,77.4,Scarecrow ,50,4,0.5,1,0.5,2,2,2,2,0.5,0.5,0.5,2,1,2,0,1,1,0.5
333,Swablu,normal,flying,45,40,60,40,75,50,3,FALSE,0.4,1.2,Cotton Bird ,50,0.5,1,1,2,1,1,1,1,0,0.5,0,2,1,1,1,2,1,1
334,Altaria,dragon,flying,75,110,110,110,105,80,3,FALSE,1.1,20.6,Humming ,50,0.5,1,2,1,2,0.5,0.5,1,1,0.25,0,4,1,1,1,2,1,0.5
335,Zangoose,normal,,73,115,60,60,60,90,3,FALSE,1.3,40.3,Cat Ferret ,50,1,1,1,1,1,2,1,1,0,1,1,1,1,1,1,1,1,1
336,Seviper,poison,,73,100,60,100,60,65,3,FALSE,2.7,52.5,Fang Snake ,50,0.5,1,1,1,0.5,0.5,1,1,1,0.5,2,1,1,0.5,2,1,1,1
337,Lunatone,rock,psychic,90,55,65,95,85,70,3,FALSE,1,168,Meteorite ,,2,2,1,1,1,1,0.5,0.5,2,2,2,1,0.5,0.5,0.5,1,2,2
338,Solrock,rock,psychic,90,95,85,55,65,70,3,FALSE,1.2,154,Meteorite ,,2,2,1,1,1,1,0.5,0.5,2,2,2,1,0.5,0.5,0.5,1,2,2
339,Barboach,water,ground,50,48,43,46,41,60,3,FALSE,0.4,1.9,Whiskers ,50,1,1,1,0,1,1,0.5,1,1,4,1,1,1,0.5,1,0.5,0.5,1
340,Whiscash,water,ground,110,78,73,76,71,60,3,FALSE,0.9,23.6,Whiskers ,50,1,1,1,0,1,1,0.5,1,1,4,1,1,1,0.5,1,0.5,0.5,1
341,Corphish,water,,43,80,65,50,35,35,3,FALSE,0.6,11.5,Ruffian ,50,1,1,1,2,1,1,0.5,1,1,2,1,0.5,1,1,1,1,0.5,0.5
342,Crawdaunt,water,dark,63,120,85,90,55,55,3,FALSE,1.1,32.8,Rogue ,50,2,0.5,1,2,2,2,0.5,1,0.5,2,1,0.5,1,1,0,1,0.5,0.5
343,Baltoy,ground,psychic,40,40,55,40,70,55,3,FALSE,0.5,21.5,Clay Doll ,NaN,2,2,1,0,1,0.5,1,1,2,2,1,2,1,0.5,0.5,0.5,1,2
344,Claydol,ground,psychic,60,70,105,70,120,75,3,FALSE,1.5,108,Clay Doll ,NaN,2,2,1,0,1,0.5,1,1,2,2,1,2,1,0.5,0.5,0.5,1,2
345,Lileep,rock,grass,66,41,77,61,87,23,3,FALSE,1,23.8,Sea Lily ,88.1,2,1,1,0.5,1,2,1,1,1,1,1,2,0.5,1,1,1,2,1
346,Cradily,rock,grass,86,81,97,81,107,43,3,FALSE,1.5,60.4,Barnacle ,88.1,2,1,1,0.5,1,2,1,1,1,1,1,2,0.5,1,1,1,2,1
347,Anorith,rock,bug,45,95,50,40,50,75,3,FALSE,0.7,12.5,Old Shrimp ,88.1,1,1,1,1,1,1,1,1,1,1,1,1,0.5,0.5,1,2,2,2
348,Armaldo,rock,bug,75,125,100,70,80,45,3,FALSE,1.5,68.2,Plate ,88.1,1,1,1,1,1,1,1,1,1,1,1,1,0.5,0.5,1,2,2,2
349,Feebas,water,,20,15,20,10,55,80,3,FALSE,0.6,7.4,Fish ,50,1,1,1,2,1,1,0.5,1,1,2,1,0.5,1,1,1,1,0.5,0.5
350,Milotic,water,,95,60,79,100,125,81,3,FALSE,6.2,162,Tender ,50,1,1,1,2,1,1,0.5,1,1,2,1,0.5,1,1,1,1,0.5,0.5
351,Castform,normal,,70,70,70,70,70,70,3,FALSE,0.3,0.8,Weather ,50,1,1,1,1,1,2,1,1,0,1,1,1,1,1,1,1,1,1
352,Kecleon,normal,,60,90,70,60,120,40,3,FALSE,1,22,Color Swap ,50,1,1,1,1,1,2,1,1,0,1,1,1,1,1,1,1,1,1
353,Shuppet,ghost,,44,75,35,63,33,45,3,FALSE,0.6,2.3,Puppet ,50,0.5,2,1,1,1,0,1,1,2,1,1,1,0,0.5,1,1,1,1
354,Banette,ghost,,64,165,75,93,83,75,3,FALSE,1.1,12.5,Marionette ,50,0.5,2,1,1,1,0,1,1,2,1,1,1,0,0.5,1,1,1,1
355,Duskull,ghost,,20,40,90,30,90,25,3,FALSE,0.8,15,Requiem ,50,0.5,2,1,1,1,0,1,1,2,1,1,1,0,0.5,1,1,1,1
356,Dusclops,ghost,,40,70,130,60,130,25,3,FALSE,1.6,30.6,Beckon ,50,0.5,2,1,1,1,0,1,1,2,1,1,1,0,0.5,1,1,1,1
357,Tropius,grass,flying,99,68,83,72,87,51,3,FALSE,2,100,Fruit ,50,1,1,1,1,1,0.5,2,2,1,0.25,0,4,1,2,1,2,1,0.5
358,Chimecho,psychic,,75,50,80,95,90,65,3,FALSE,0.6,1,Wind Chime ,50,2,2,1,1,1,0.5,1,1,2,1,1,1,1,1,0.5,1,1,1
359,Absol,dark,,65,150,60,115,60,115,3,FALSE,1.2,47,Disaster ,50,2,0.5,1,1,2,2,1,1,0.5,1,1,1,1,1,0,1,1,1
360,Wynaut,psychic,,95,23,48,23,48,23,3,FALSE,0.6,14,Bright ,50,2,2,1,1,1,0.5,1,1,2,1,1,1,1,1,0.5,1,1,1
361,Snorunt,ice,,50,50,50,50,50,50,3,FALSE,0.7,16.8,Snow Hat ,50,1,1,1,1,1,2,2,1,1,1,1,0.5,1,1,1,2,2,1
362,Glalie,ice,,80,120,80,120,80,100,3,FALSE,1.5,256.5,Face ,50,1,1,1,1,1,2,2,1,1,1,1,0.5,1,1,1,2,2,1
363,Spheal,ice,water,70,40,50,55,50,25,3,FALSE,0.8,39.5,Clap ,50,1,1,1,2,1,2,1,1,1,2,1,0.25,1,1,1,2,1,0.5
364,Sealeo,ice,water,90,60,70,75,70,45,3,FALSE,1.1,87.6,Ball Roll ,50,1,1,1,2,1,2,1,1,1,2,1,0.25,1,1,1,2,1,0.5
365,Walrein,ice,water,110,80,90,95,90,65,3,FALSE,1.4,150.6,Ice Break ,50,1,1,1,2,1,2,1,1,1,2,1,0.25,1,1,1,2,1,0.5
366,Clamperl,water,,35,64,85,74,55,32,3,FALSE,0.4,52.5,Bivalve ,50,1,1,1,2,1,1,0.5,1,1,2,1,0.5,1,1,1,1,0.5,0.5
367,Huntail,water,,55,104,105,94,75,52,3,FALSE,1.7,27,Deep Sea ,50,1,1,1,2,1,1,0.5,1,1,2,1,0.5,1,1,1,1,0.5,0.5
368,Gorebyss,water,,55,84,105,114,75,52,3,FALSE,1.8,22.6,South Sea ,50,1,1,1,2,1,1,0.5,1,1,2,1,0.5,1,1,1,1,0.5,0.5
369,Relicanth,water,rock,100,90,130,45,65,55,3,FALSE,1,23.4,Longevity ,88.1,1,1,1,2,1,2,0.25,0.5,1,4,2,0.5,0.5,0.5,1,1,1,1
370,Luvdisc,water,,43,30,55,40,65,97,3,FALSE,0.6,8.7,Rendezvous ,24.6,1,1,1,2,1,1,0.5,1,1,2,1,0.5,1,1,1,1,0.5,0.5
371,Bagon,dragon,,45,75,60,40,30,50,3,FALSE,0.6,42.1,Rock Head ,50,1,1,2,0.5,2,1,0.5,1,1,0.5,1,2,1,1,1,1,1,0.5
372,Shelgon,dragon,,65,95,100,60,50,50,3,FALSE,1.1,110.5,Endurance ,50,1,1,2,0.5,2,1,0.5,1,1,0.5,1,2,1,1,1,1,1,0.5
373,Salamence,dragon,flying,95,145,130,120,90,120,3,FALSE,1.5,102.6,Dragon ,50,0.5,1,2,1,2,0.5,0.5,1,1,0.25,0,4,1,1,1,2,1,0.5
374,Beldum,steel,psychic,40,55,80,35,60,30,3,FALSE,0.6,95.2,Iron Ball ,,1,2,0.5,1,0.5,1,2,0.5,2,0.5,2,0.5,0.5,0,0.25,0.5,0.5,1
375,Metang,steel,psychic,60,75,100,55,80,50,3,FALSE,1.2,202.5,Iron Claw ,,1,2,0.5,1,0.5,1,2,0.5,2,0.5,2,0.5,0.5,0,0.25,0.5,0.5,1
376,Metagross,steel,psychic,80,145,150,105,110,110,3,FALSE,1.6,550,Iron Leg ,,1,2,0.5,1,0.5,1,2,0.5,2,0.5,2,0.5,0.5,0,0.25,0.5,0.5,1
377,Regirock,rock,,80,100,200,50,100,50,3,TRUE,1.7,230,Rock Peak ,,1,1,1,1,1,2,0.5,0.5,1,2,2,1,0.5,0.5,1,1,2,2
378,Regice,ice,,80,50,100,100,200,50,3,TRUE,1.8,175,Iceberg ,NaN,1,1,1,1,1,2,2,1,1,1,1,0.5,1,1,1,2,2,1
379,Registeel,steel,,80,75,150,75,150,50,3,TRUE,1.9,205,Iron ,,0.5,1,0.5,1,0.5,2,2,0.5,1,0.5,2,0.5,0.5,0,0.5,0.5,0.5,1
380,Latias,dragon,psychic,80,100,120,140,150,110,3,TRUE,1.4,40,Eon ,0,2,2,2,0.5,2,0.5,0.5,1,2,0.5,1,2,1,1,0.5,1,1,0.5
381,Latios,dragon,psychic,80,130,100,160,120,110,3,TRUE,2,60,Eon ,100,2,2,2,0.5,2,0.5,0.5,1,2,0.5,1,2,1,1,0.5,1,1,0.5
382,Kyogre,water,,100,150,90,180,160,90,3,TRUE,4.5,352,Sea Basin ,,1,1,1,2,1,1,0.5,1,1,2,1,0.5,1,1,1,1,0.5,0.5
383,Groudon,ground,,100,180,160,150,90,90,3,TRUE,3.5,950,Continent ,NaN,1,1,1,0,1,1,1,1,1,2,1,2,1,0.5,1,0.5,1,2
384,Rayquaza,dragon,flying,105,180,100,180,100,115,3,TRUE,7,206.5,Sky High ,NaN,0.5,1,2,1,2,0.5,0.5,1,1,0.25,0,4,1,1,1,2,1,0.5
385,Jirachi,steel,psychic,100,100,100,100,100,100,3,TRUE,0.3,1.1,Wish ,,1,2,0.5,1,0.5,1,2,0.5,2,0.5,2,0.5,0.5,0,0.25,0.5,0.5,1
386,Deoxys,psychic,,50,95,90,95,90,180,3,TRUE,1.7,60.8,DNA ,,2,2,1,1,1,0.5,1,1,2,1,1,1,1,1,0.5,1,1,1
387,Turtwig,grass,,55,68,64,45,55,31,4,FALSE,0.4,10.2,Tiny Leaf ,88.1,2,1,1,0.5,1,1,2,2,1,0.5,0.5,2,1,2,1,1,1,0.5
388,Grotle,grass,,75,89,85,55,65,36,4,FALSE,1.1,97,Grove ,88.1,2,1,1,0.5,1,1,2,2,1,0.5,0.5,2,1,2,1,1,1,0.5
389,Torterra,grass,ground,95,109,105,75,85,56,4,FALSE,2.2,310,Continent ,88.1,2,1,1,0,1,1,2,2,1,1,0.5,4,1,1,1,0.5,1,1
390,Chimchar,fire,,44,58,44,58,44,61,4,FALSE,0.5,6.2,Chimp ,88.1,0.5,1,1,1,0.5,1,0.5,1,1,0.5,2,0.5,1,1,1,2,0.5,2
391,Monferno,fire,fighting,64,78,52,78,52,81,4,FALSE,0.9,22,Playful ,88.1,0.25,0.5,1,1,1,1,0.5,2,1,0.5,2,0.5,1,1,2,1,0.5,2
392,Infernape,fire,fighting,76,104,71,104,71,108,4,FALSE,1.2,55,Flame ,88.1,0.25,0.5,1,1,1,1,0.5,2,1,0.5,2,0.5,1,1,2,1,0.5,2
393,Piplup,water,,53,51,53,61,56,40,4,FALSE,0.4,5.2,Penguin ,88.1,1,1,1,2,1,1,0.5,1,1,2,1,0.5,1,1,1,1,0.5,0.5
394,Prinplup,water,,64,66,68,81,76,50,4,FALSE,0.8,23,Penguin ,88.1,1,1,1,2,1,1,0.5,1,1,2,1,0.5,1,1,1,1,0.5,0.5
395,Empoleon,water,steel,84,86,88,111,101,60,4,FALSE,1.7,84.5,Emperor ,88.1,0.5,1,0.5,2,0.5,2,1,0.5,1,1,2,0.25,0.5,0,0.5,0.5,0.25,0.5
396,Starly,normal,flying,40,55,30,30,30,60,4,FALSE,0.3,2,Starling ,50,0.5,1,1,2,1,1,1,1,0,0.5,0,2,1,1,1,2,1,1
397,Staravia,normal,flying,55,75,50,40,40,80,4,FALSE,0.6,15.5,Starling ,50,0.5,1,1,2,1,1,1,1,0,0.5,0,2,1,1,1,2,1,1
398,Staraptor,normal,flying,85,120,70,50,60,100,4,FALSE,1.2,24.9,Predator ,50,0.5,1,1,2,1,1,1,1,0,0.5,0,2,1,1,1,2,1,1
399,Bidoof,normal,,59,45,40,35,40,31,4,FALSE,0.5,20,Plump Mouse ,50,1,1,1,1,1,2,1,1,0,1,1,1,1,1,1,1,1,1
400,Bibarel,normal,water,79,85,60,55,60,71,4,FALSE,1,31.5,Beaver ,50,1,1,1,2,1,2,0.5,1,0,2,1,0.5,1,1,1,1,0.5,0.5
401,Kricketot,bug,,37,25,41,25,41,25,4,FALSE,0.3,2.2,Cricket ,50,1,1,1,1,1,0.5,2,2,1,0.5,0.5,1,1,1,1,2,1,1
402,Kricketune,bug,,77,85,51,55,51,65,4,FALSE,1,25.5,Cricket ,50,1,1,1,1,1,0.5,2,2,1,0.5,0.5,1,1,1,1,2,1,1
403,Shinx,electric,,45,65,34,40,34,45,4,FALSE,0.5,9.5,Flash ,50,1,1,1,0.5,1,1,1,0.5,1,1,2,1,1,1,1,1,0.5,1
404,Luxio,electric,,60,85,49,60,49,60,4,FALSE,0.9,30.5,Spark ,50,1,1,1,0.5,1,1,1,0.5,1,1,2,1,1,1,1,1,0.5,1
405,Luxray,electric,,80,120,79,95,79,70,4,FALSE,1.4,42,Gleam Eyes ,50,1,1,1,0.5,1,1,1,0.5,1,1,2,1,1,1,1,1,0.5,1
406,Budew,grass,poison,40,30,35,50,70,55,4,FALSE,0.2,1.2,Bud ,50,1,1,1,0.5,0.5,0.5,2,2,1,0.25,1,2,1,1,2,1,1,0.5
407,Roserade,grass,poison,60,70,65,125,105,90,4,FALSE,0.9,14.5,Bouquet ,50,1,1,1,0.5,0.5,0.5,2,2,1,0.25,1,2,1,1,2,1,1,0.5
408,Cranidos,rock,,67,125,40,30,30,58,4,FALSE,0.9,31.5,Head Butt ,88.1,1,1,1,1,1,2,0.5,0.5,1,2,2,1,0.5,0.5,1,1,2,2
409,Rampardos,rock,,97,165,60,65,50,58,4,FALSE,1.6,102.5,Head Butt ,88.1,1,1,1,1,1,2,0.5,0.5,1,2,2,1,0.5,0.5,1,1,2,2
410,Shieldon,rock,steel,30,42,118,42,88,30,4,FALSE,0.5,57,Shield ,88.1,0.5,1,0.5,1,0.5,4,1,0.25,1,1,4,0.5,0.25,0,0.5,0.5,1,2
411,Bastiodon,rock,steel,60,52,168,47,138,30,4,FALSE,1.3,149.5,Shield ,88.1,0.5,1,0.5,1,0.5,4,1,0.25,1,1,4,0.5,0.25,0,0.5,0.5,1,2
412,Burmy,bug,,40,29,45,29,45,36,4,FALSE,0.2,3.4,Bagworm ,50,1,1,1,1,1,0.5,2,2,1,0.5,0.5,1,1,1,1,2,1,1
413,Wormadam,bug,grass,60,69,95,69,95,36,4,FALSE,0.5,6.5,Bagworm ,0,2,1,1,0.5,1,0.5,4,4,1,0.25,0.25,2,1,2,1,2,1,0.5
414,Mothim,bug,flying,70,94,50,94,50,66,4,FALSE,0.9,23.3,Moth ,100,0.5,1,1,2,1,0.25,2,2,1,0.25,0,2,1,1,1,4,1,1
415,Combee,bug,flying,30,30,42,30,42,70,4,FALSE,0.3,5.5,Tiny Bee ,88.1,0.5,1,1,2,1,0.25,2,2,1,0.25,0,2,1,1,1,4,1,1
416,Vespiquen,bug,flying,70,80,102,80,102,40,4,FALSE,1.2,38.5,Beehive ,0,0.5,1,1,2,1,0.25,2,2,1,0.25,0,2,1,1,1,4,1,1
417,Pachirisu,electric,,60,45,70,45,90,95,4,FALSE,0.4,3.9,EleSquirrel ,50,1,1,1,0.5,1,1,1,0.5,1,1,2,1,1,1,1,1,0.5,1
418,Buizel,water,,55,65,35,60,30,85,4,FALSE,0.7,29.5,Sea Weasel ,50,1,1,1,2,1,1,0.5,1,1,2,1,0.5,1,1,1,1,0.5,0.5
419,Floatzel,water,,85,105,55,85,50,115,4,FALSE,1.1,33.5,Sea Weasel ,50,1,1,1,2,1,1,0.5,1,1,2,1,0.5,1,1,1,1,0.5,0.5
420,Cherubi,grass,,45,35,45,62,53,35,4,FALSE,0.4,3.3,Cherry ,50,2,1,1,0.5,1,1,2,2,1,0.5,0.5,2,1,2,1,1,1,0.5
421,Cherrim,grass,,70,60,70,87,78,85,4,FALSE,0.5,9.3,Blossom ,50,2,1,1,0.5,1,1,2,2,1,0.5,0.5,2,1,2,1,1,1,0.5
422,Shellos,water,,76,48,48,57,62,34,4,FALSE,0.3,6.3,Sea Slug ,50,1,1,1,2,1,1,0.5,1,1,2,1,0.5,1,1,1,1,0.5,0.5
423,Gastrodon,water,ground,111,83,68,92,82,39,4,FALSE,0.9,29.9,Sea Slug ,50,1,1,1,0,1,1,0.5,1,1,4,1,1,1,0.5,1,0.5,0.5,1
424,Ambipom,normal,,75,100,66,60,66,115,4,FALSE,1.2,20.3,Long Tail ,50,1,1,1,1,1,2,1,1,0,1,1,1,1,1,1,1,1,1
425,Drifloon,ghost,flying,90,50,34,60,44,70,4,FALSE,0.4,1.2,Balloon ,50,0.25,2,1,2,1,0,1,1,2,0.5,0,2,0,0.5,1,2,1,1
426,Drifblim,ghost,flying,150,80,44,90,54,80,4,FALSE,1.2,15,Blimp ,50,0.25,2,1,2,1,0,1,1,2,0.5,0,2,0,0.5,1,2,1,1
427,Buneary,normal,,55,66,44,44,56,85,4,FALSE,0.4,5.5,Rabbit ,50,1,1,1,1,1,2,1,1,0,1,1,1,1,1,1,1,1,1
428,Lopunny,normal,,65,136,94,54,96,135,4,FALSE,1.2,33.3,Rabbit ,50,1,1,1,1,1,2,1,1,0,1,1,1,1,1,1,1,1,1
429,Mismagius,ghost,,60,60,60,105,105,105,4,FALSE,0.9,4.4,Magical ,50,0.5,2,1,1,1,0,1,1,2,1,1,1,0,0.5,1,1,1,1
430,Honchkrow,dark,flying,100,125,52,105,52,71,4,FALSE,0.9,27.3,Big Boss ,50,1,0.5,1,2,2,1,1,1,0.5,0.5,0,2,1,1,0,2,1,1
431,Glameow,normal,,49,55,42,42,37,85,4,FALSE,0.5,3.9,Catty ,24.6,1,1,1,1,1,2,1,1,0,1,1,1,1,1,1,1,1,1
432,Purugly,normal,,71,82,64,64,59,112,4,FALSE,1,43.8,Tiger Cat ,24.6,1,1,1,1,1,2,1,1,0,1,1,1,1,1,1,1,1,1
433,Chingling,psychic,,45,30,50,65,50,45,4,FALSE,0.2,0.6,Bell ,50,2,2,1,1,1,0.5,1,1,2,1,1,1,1,1,0.5,1,1,1
434,Stunky,poison,dark,63,63,47,41,41,74,4,FALSE,0.4,19.2,Skunk ,50,1,0.5,1,1,1,1,1,1,0.5,0.5,2,1,1,0.5,0,1,1,1
435,Skuntank,poison,dark,103,93,67,71,61,84,4,FALSE,1,38,Skunk ,50,1,0.5,1,1,1,1,1,1,0.5,0.5,2,1,1,0.5,0,1,1,1
436,Bronzor,steel,psychic,57,24,86,24,86,23,4,FALSE,0.5,60.5,Bronze ,,1,2,0.5,1,0.5,1,2,0.5,2,0.5,2,0.5,0.5,0,0.25,0.5,0.5,1
437,Bronzong,steel,psychic,67,89,116,79,116,33,4,FALSE,1.3,187,Bronze Bell ,,1,2,0.5,1,0.5,1,2,0.5,2,0.5,2,0.5,0.5,0,0.25,0.5,0.5,1
438,Bonsly,rock,,50,80,95,10,45,10,4,FALSE,0.5,15,Bonsai ,50,1,1,1,1,1,2,0.5,0.5,1,2,2,1,0.5,0.5,1,1,2,2
439,Mime Jr.,psychic,fairy,20,25,45,70,90,60,4,FALSE,0.6,13,Mime ,50,1,1,0,1,1,0.25,1,1,2,1,1,1,1,2,0.5,1,2,1
440,Happiny,normal,,100,5,5,15,65,30,4,FALSE,0.6,24.4,Playhouse ,0,1,1,1,1,1,2,1,1,0,1,1,1,1,1,1,1,1,1
441,Chatot,normal,flying,76,65,45,92,42,91,4,FALSE,0.5,1.9,Music Note ,50,0.5,1,1,2,1,1,1,1,0,0.5,0,2,1,1,1,2,1,1
442,Spiritomb,ghost,dark,50,92,108,92,108,35,4,FALSE,1,108,Forbidden ,50,1,1,1,1,2,0,1,1,1,1,1,1,0,0.5,0,1,1,1
443,Gible,dragon,ground,58,70,45,40,45,42,4,FALSE,0.7,20.5,Land Shark ,50,1,1,2,0,2,1,0.5,1,1,1,1,4,1,0.5,1,0.5,1,1
444,Gabite,dragon,ground,68,90,65,50,55,82,4,FALSE,1.4,56,Cave ,50,1,1,2,0,2,1,0.5,1,1,1,1,4,1,0.5,1,0.5,1,1
445,Garchomp,dragon,ground,108,170,115,120,95,92,4,FALSE,1.9,95,Mach ,50,1,1,2,0,2,1,0.5,1,1,1,1,4,1,0.5,1,0.5,1,1
446,Munchlax,normal,,135,85,40,40,85,5,4,FALSE,0.6,105,Big Eater ,88.1,1,1,1,1,1,2,1,1,0,1,1,1,1,1,1,1,1,1
447,Riolu,fighting,,40,70,40,35,40,60,4,FALSE,0.7,20.2,Emanation ,88.1,0.5,0.5,1,1,2,1,1,2,1,1,1,1,1,1,2,0.5,1,1
448,Lucario,fighting,steel,70,145,88,140,70,112,4,FALSE,1.2,54,Aura ,88.1,0.25,0.5,0.5,1,1,2,2,1,1,0.5,2,0.5,0.5,0,1,0.25,0.5,1
449,Hippopotas,ground,,68,72,78,38,42,32,4,FALSE,0.8,49.5,Hippo ,50,1,1,1,0,1,1,1,1,1,2,1,2,1,0.5,1,0.5,1,2
450,Hippowdon,ground,,108,112,118,68,72,47,4,FALSE,2,300,Heavyweight ,50,1,1,1,0,1,1,1,1,1,2,1,2,1,0.5,1,0.5,1,2
451,Skorupi,poison,bug,40,50,90,30,55,65,4,FALSE,0.8,12,Scorpion ,50,0.5,1,1,1,0.5,0.25,2,2,1,0.25,1,1,1,0.5,2,2,1,1
452,Drapion,poison,dark,70,90,110,60,75,95,4,FALSE,1.3,61.5,Ogre Scorp ,50,1,0.5,1,1,1,1,1,1,0.5,0.5,2,1,1,0.5,0,1,1,1
453,Croagunk,poison,fighting,48,61,40,61,40,50,4,FALSE,0.7,23,Toxic Mouth ,50,0.25,0.5,1,1,1,0.5,1,2,1,0.5,2,1,1,0.5,4,0.5,1,1
454,Toxicroak,poison,fighting,83,106,65,86,65,85,4,FALSE,1.3,44.4,Toxic Mouth ,50,0.25,0.5,1,1,1,0.5,1,2,1,0.5,2,1,1,0.5,4,0.5,1,1
455,Carnivine,grass,,74,100,72,90,72,46,4,FALSE,1.4,27,Bug Catcher ,50,2,1,1,0.5,1,1,2,2,1,0.5,0.5,2,1,2,1,1,1,0.5
456,Finneon,water,,49,49,56,49,61,66,4,FALSE,0.4,7,Wing Fish ,50,1,1,1,2,1,1,0.5,1,1,2,1,0.5,1,1,1,1,0.5,0.5
457,Lumineon,water,,69,69,76,69,86,91,4,FALSE,1.2,24,Neon ,50,1,1,1,2,1,1,0.5,1,1,2,1,0.5,1,1,1,1,0.5,0.5
458,Mantyke,water,flying,45,20,50,60,120,50,4,FALSE,1,65,Kite ,50,0.5,1,1,4,1,0.5,0.5,1,1,1,0,1,1,1,1,2,0.5,0.5
459,Snover,grass,ice,60,62,50,62,60,40,4,FALSE,1,50.5,Frosted Tree ,50,2,1,1,0.5,1,2,4,2,1,0.5,0.5,1,1,2,1,2,2,0.5
460,Abomasnow,grass,ice,90,132,105,132,105,30,4,FALSE,2.2,135.5,Frosted Tree ,50,2,1,1,0.5,1,2,4,2,1,0.5,0.5,1,1,2,1,2,2,0.5
461,Weavile,dark,ice,70,120,65,45,85,125,4,FALSE,1.1,34,Sharp Claw ,50,2,0.5,1,1,2,4,2,1,0.5,1,1,0.5,1,1,0,2,2,1
462,Magnezone,electric,steel,70,70,115,130,90,60,4,FALSE,1.2,180,Magnet Area ,NaN,0.5,1,0.5,0.5,0.5,2,2,0.25,1,0.5,4,0.5,0.5,0,0.5,0.5,0.25,1
463,Lickilicky,normal,,110,85,95,80,95,50,4,FALSE,1.7,140,Licking ,50,1,1,1,1,1,2,1,1,0,1,1,1,1,1,1,1,1,1
464,Rhyperior,ground,rock,115,140,130,55,55,40,4,FALSE,2.4,282.8,Drill ,50,1,1,1,0,1,2,0.5,0.5,1,4,2,2,0.5,0.25,1,0.5,2,4
465,Tangrowth,grass,,100,100,125,110,50,50,4,FALSE,2,128.6,Vine ,50,2,1,1,0.5,1,1,2,2,1,0.5,0.5,2,1,2,1,1,1,0.5
466,Electivire,electric,,75,123,67,95,85,95,4,FALSE,1.8,138.6,Thunderbolt ,75.4,1,1,1,0.5,1,1,1,0.5,1,1,2,1,1,1,1,1,0.5,1
467,Magmortar,fire,,75,95,67,125,95,83,4,FALSE,1.6,68,Blast ,75.4,0.5,1,1,1,0.5,1,0.5,1,1,0.5,2,0.5,1,1,1,2,0.5,2
468,Togekiss,fairy,flying,85,50,95,120,115,80,4,FALSE,1.5,38,Jubilee ,88.1,0.25,0.5,0,2,1,0.25,1,1,1,0.5,0,2,1,2,1,2,2,1
469,Yanmega,bug,flying,86,76,86,116,56,95,4,FALSE,1.9,51.5,Ogre Darner ,50,0.5,1,1,2,1,0.25,2,2,1,0.25,0,2,1,1,1,4,1,1
470,Leafeon,grass,,65,110,130,60,65,95,4,FALSE,1,25.5,Verdant ,88.1,2,1,1,0.5,1,1,2,2,1,0.5,0.5,2,1,2,1,1,1,0.5
471,Glaceon,ice,,65,60,110,130,95,65,4,FALSE,0.8,25.9,Fresh Snow ,88.1,1,1,1,1,1,2,2,1,1,1,1,0.5,1,1,1,2,2,1
472,Gliscor,ground,flying,75,95,125,45,75,95,4,FALSE,2,42.5,Fang Scorp ,50,0.5,1,1,0,1,0.5,1,1,1,1,0,4,1,0.5,1,1,1,2
473,Mamoswine,ice,ground,110,130,80,70,60,80,4,FALSE,2.5,291,Twin Tusk ,50,1,1,1,0,1,2,2,1,1,2,1,1,1,0.5,1,1,2,2
474,Porygon-Z,normal,,85,80,70,135,75,90,4,FALSE,0.9,34,Virtual ,,1,1,1,1,1,2,1,1,0,1,1,1,1,1,1,1,1,1
475,Gallade,psychic,fighting,68,165,95,65,115,110,4,FALSE,1.6,52,Blade ,100,1,1,1,1,2,0.5,1,2,2,1,1,1,1,1,1,0.5,1,1
476,Probopass,rock,steel,60,55,145,75,150,40,4,FALSE,1.4,340,Compass ,50,0.5,1,0.5,1,0.5,4,1,0.25,1,1,4,0.5,0.25,0,0.5,0.5,1,2
477,Dusknoir,ghost,,45,100,135,65,135,45,4,FALSE,2.2,106.6,Gripper ,50,0.5,2,1,1,1,0,1,1,2,1,1,1,0,0.5,1,1,1,1
478,Froslass,ice,ghost,70,80,70,80,70,110,4,FALSE,1.3,26.6,Snow Land ,0,0.5,2,1,1,1,0,2,1,2,1,1,0.5,0,0.5,1,2,2,1
479,Rotom,electric,ghost,50,65,107,105,107,86,4,FALSE,0.3,0.3,Plasma ,NaN,0.5,2,1,0.5,1,0,1,0.5,2,1,2,1,0,0.5,1,1,0.5,1
480,Uxie,psychic,,75,75,130,75,130,95,4,TRUE,0.3,0.3,Knowledge ,,2,2,1,1,1,0.5,1,1,2,1,1,1,1,1,0.5,1,1,1
481,Mesprit,psychic,,80,105,105,105,105,80,4,TRUE,0.3,0.3,Emotion ,,2,2,1,1,1,0.5,1,1,2,1,1,1,1,1,0.5,1,1,1
482,Azelf,psychic,,75,125,70,125,70,115,4,TRUE,0.3,0.3,Willpower ,,2,2,1,1,1,0.5,1,1,2,1,1,1,1,1,0.5,1,1,1
483,Dialga,steel,dragon,100,120,120,150,100,90,4,TRUE,5.4,683,Temporal ,,0.5,1,1,0.5,1,2,1,0.5,1,0.25,2,1,0.5,0,0.5,0.5,0.5,0.5
484,Palkia,water,dragon,90,120,100,150,120,100,4,TRUE,4.2,336,Spatial ,,1,1,2,1,2,1,0.25,1,1,1,1,1,1,1,1,1,0.5,0.25
485,Heatran,fire,steel,91,90,106,130,106,77,4,TRUE,1.7,430,Lava Dome ,50,0.25,1,0.5,1,0.25,2,1,0.5,1,0.25,4,0.25,0.5,0,0.5,1,0.25,2
486,Regigigas,normal,,110,160,110,80,110,100,4,TRUE,3.7,420,Colossal ,,1,1,1,1,1,2,1,1,0,1,1,1,1,1,1,1,1,1
487,Giratina,ghost,dragon,150,120,100,120,100,90,4,TRUE,4.5,750,Renegade ,NaN,0.5,2,2,0.5,2,0,0.5,1,2,0.5,1,2,0,0.5,1,1,1,0.5
488,Cresselia,psychic,,120,70,120,75,130,85,4,TRUE,1.5,85.6,Lunar ,0,2,2,1,1,1,0.5,1,1,2,1,1,1,1,1,0.5,1,1,1
489,Phione,water,,80,80,80,80,80,80,4,FALSE,0.4,3.1,Sea Drifter ,,1,1,1,2,1,1,0.5,1,1,2,1,0.5,1,1,1,1,0.5,0.5
490,Manaphy,water,,100,100,100,100,100,100,4,TRUE,0.3,1.4,Seafaring ,,1,1,1,2,1,1,0.5,1,1,2,1,0.5,1,1,1,1,0.5,0.5
491,Darkrai,dark,,70,90,90,135,90,125,4,TRUE,1.5,50.5,Pitch-Black ,NaN,2,0.5,1,1,2,2,1,1,0.5,1,1,1,1,1,0,1,1,1
492,Shaymin,grass,grass,100,103,75,120,75,127,4,TRUE,0.2,2.1,Gratitude ,NaN,2,1,1,0.5,1,1,2,2,1,0.5,0.5,2,1,2,1,1,1,0.5
493,Arceus,normal,,120,120,120,120,120,120,4,TRUE,3.2,320,Alpha ,NaN,1,1,1,1,1,2,1,1,0,1,1,1,1,1,1,1,1,1
494,Victini,psychic,fire,100,100,100,100,100,100,5,TRUE,0.4,4,Victory ,,1,2,1,1,0.5,0.5,0.5,1,2,0.5,2,0.5,1,1,0.5,2,0.5,2
495,Snivy,grass,,45,45,55,45,55,63,5,FALSE,0.6,8.1,Grass Snake ,88.1,2,1,1,0.5,1,1,2,2,1,0.5,0.5,2,1,2,1,1,1,0.5
496,Servine,grass,,60,60,75,60,75,83,5,FALSE,0.8,16,Grass Snake ,88.1,2,1,1,0.5,1,1,2,2,1,0.5,0.5,2,1,2,1,1,1,0.5
497,Serperior,grass,,75,75,95,75,95,113,5,FALSE,3.3,63,Regal ,88.1,2,1,1,0.5,1,1,2,2,1,0.5,0.5,2,1,2,1,1,1,0.5
498,Tepig,fire,,65,63,45,45,45,45,5,FALSE,0.5,9.9,Fire Pig ,88.1,0.5,1,1,1,0.5,1,0.5,1,1,0.5,2,0.5,1,1,1,2,0.5,2
499,Pignite,fire,fighting,90,93,55,70,55,55,5,FALSE,1,55.5,Fire Pig ,88.1,0.25,0.5,1,1,1,1,0.5,2,1,0.5,2,0.5,1,1,2,1,0.5,2
500,Emboar,fire,fighting,110,123,65,100,65,65,5,FALSE,1.6,150,Mega Fire Pig ,88.1,0.25,0.5,1,1,1,1,0.5,2,1,0.5,2,0.5,1,1,2,1,0.5,2
501,Oshawott,water,,55,55,45,63,45,45,5,FALSE,0.5,5.9,Sea Otter ,88.1,1,1,1,2,1,1,0.5,1,1,2,1,0.5,1,1,1,1,0.5,0.5
502,Dewott,water,,75,75,60,83,60,60,5,FALSE,0.8,24.5,Discipline ,88.1,1,1,1,2,1,1,0.5,1,1,2,1,0.5,1,1,1,1,0.5,0.5
503,Samurott,water,,95,100,85,108,70,70,5,FALSE,1.5,94.6,Formidable ,88.1,1,1,1,2,1,1,0.5,1,1,2,1,0.5,1,1,1,1,0.5,0.5
504,Patrat,normal,,45,55,39,35,39,42,5,FALSE,0.5,11.6,Scout ,50,1,1,1,1,1,2,1,1,0,1,1,1,1,1,1,1,1,1
505,Watchog,normal,,60,85,69,60,69,77,5,FALSE,1.1,27,Lookout ,50,1,1,1,1,1,2,1,1,0,1,1,1,1,1,1,1,1,1
506,Lillipup,normal,,45,60,45,25,45,55,5,FALSE,0.4,4.1,Puppy ,50,1,1,1,1,1,2,1,1,0,1,1,1,1,1,1,1,1,1
507,Herdier,normal,,65,80,65,35,65,60,5,FALSE,0.9,14.7,Loyal Dog ,50,1,1,1,1,1,2,1,1,0,1,1,1,1,1,1,1,1,1
508,Stoutland,normal,,85,110,90,45,90,80,5,FALSE,1.2,61,Big-Hearted ,50,1,1,1,1,1,2,1,1,0,1,1,1,1,1,1,1,1,1
509,Purrloin,dark,,41,50,37,50,37,66,5,FALSE,0.4,10.1,Devious ,50,2,0.5,1,1,2,2,1,1,0.5,1,1,1,1,1,0,1,1,1
510,Liepard,dark,,64,88,50,88,50,106,5,FALSE,1.1,37.5,Cruel ,50,2,0.5,1,1,2,2,1,1,0.5,1,1,1,1,1,0,1,1,1
511,Pansage,grass,,50,53,48,53,48,64,5,FALSE,0.6,10.5,Grass Monkey ,88.1,2,1,1,0.5,1,1,2,2,1,0.5,0.5,2,1,2,1,1,1,0.5
512,Simisage,grass,,75,98,63,98,63,101,5,FALSE,1.1,30.5,Thorn Monkey ,88.1,2,1,1,0.5,1,1,2,2,1,0.5,0.5,2,1,2,1,1,1,0.5
513,Pansear,fire,,50,53,48,53,48,64,5,FALSE,0.6,11,High Temp ,88.1,0.5,1,1,1,0.5,1,0.5,1,1,0.5,2,0.5,1,1,1,2,0.5,2
514,Simisear,fire,,75,98,63,98,63,101,5,FALSE,1,28,Ember ,88.1,0.5,1,1,1,0.5,1,0.5,1,1,0.5,2,0.5,1,1,1,2,0.5,2
515,Panpour,water,,50,53,48,53,48,64,5,FALSE,0.6,13.5,Spray ,88.1,1,1,1,2,1,1,0.5,1,1,2,1,0.5,1,1,1,1,0.5,0.5
516,Simipour,water,,75,98,63,98,63,101,5,FALSE,1,29,Geyser ,88.1,1,1,1,2,1,1,0.5,1,1,2,1,0.5,1,1,1,1,0.5,0.5
517,Munna,psychic,,76,25,45,67,55,24,5,FALSE,0.6,23.3,Dream Eater ,50,2,2,1,1,1,0.5,1,1,2,1,1,1,1,1,0.5,1,1,1
518,Musharna,psychic,,116,55,85,107,95,29,5,FALSE,1.1,60.5,Drowsing ,50,2,2,1,1,1,0.5,1,1,2,1,1,1,1,1,0.5,1,1,1
519,Pidove,normal,flying,50,55,50,36,30,43,5,FALSE,0.3,2.1,Tiny Pigeon ,50,0.5,1,1,2,1,1,1,1,0,0.5,0,2,1,1,1,2,1,1
520,Tranquill,normal,flying,62,77,62,50,42,65,5,FALSE,0.6,15,Wild Pigeon ,50,0.5,1,1,2,1,1,1,1,0,0.5,0,2,1,1,1,2,1,1
521,Unfezant,normal,flying,80,115,80,65,55,93,5,FALSE,1.2,29,Proud ,50,0.5,1,1,2,1,1,1,1,0,0.5,0,2,1,1,1,2,1,1
522,Blitzle,electric,,45,60,32,50,32,76,5,FALSE,0.8,29.8,Electrified ,50,1,1,1,0.5,1,1,1,0.5,1,1,2,1,1,1,1,1,0.5,1
523,Zebstrika,electric,,75,100,63,80,63,116,5,FALSE,1.6,79.5,Thunderbolt ,50,1,1,1,0.5,1,1,1,0.5,1,1,2,1,1,1,1,1,0.5,1
524,Roggenrola,rock,,55,75,85,25,25,15,5,FALSE,0.4,18,Mantle ,50,1,1,1,1,1,2,0.5,0.5,1,2,2,1,0.5,0.5,1,1,2,2
525,Boldore,rock,,70,105,105,50,40,20,5,FALSE,0.9,102,Ore ,50,1,1,1,1,1,2,0.5,0.5,1,2,2,1,0.5,0.5,1,1,2,2
526,Gigalith,rock,,85,135,130,60,80,25,5,FALSE,1.7,260,Compressed ,50,1,1,1,1,1,2,0.5,0.5,1,2,2,1,0.5,0.5,1,1,2,2
527,Woobat,psychic,flying,65,45,43,55,43,72,5,FALSE,0.4,2.1,Bat ,50,1,2,1,2,1,0.25,1,1,2,0.5,0,2,1,1,0.5,2,1,1
528,Swoobat,psychic,flying,67,57,55,77,55,114,5,FALSE,0.9,10.5,Courting ,50,1,2,1,2,1,0.25,1,1,2,0.5,0,2,1,1,0.5,2,1,1
529,Drilbur,ground,,60,85,40,30,45,68,5,FALSE,0.3,8.5,Mole ,50,1,1,1,0,1,1,1,1,1,2,1,2,1,0.5,1,0.5,1,2
530,Excadrill,ground,steel,110,135,60,50,65,88,5,FALSE,0.7,40.4,Subterrene ,50,0.5,1,0.5,0,0.5,2,2,0.5,1,1,2,1,0.5,0,0.5,0.25,0.5,2
531,Audino,normal,,103,60,126,80,126,50,5,FALSE,1.1,31,Hearing ,50,1,1,1,1,1,2,1,1,0,1,1,1,1,1,1,1,1,1
532,Timburr,fighting,,75,80,55,25,35,35,5,FALSE,0.6,12.5,Muscular ,75.4,0.5,0.5,1,1,2,1,1,2,1,1,1,1,1,1,2,0.5,1,1
533,Gurdurr,fighting,,85,105,85,40,50,40,5,FALSE,1.2,40,Muscular ,75.4,0.5,0.5,1,1,2,1,1,2,1,1,1,1,1,1,2,0.5,1,1
534,Conkeldurr,fighting,,105,140,95,55,65,45,5,FALSE,1.4,87,Muscular ,75.4,0.5,0.5,1,1,2,1,1,2,1,1,1,1,1,1,2,0.5,1,1
535,Tympole,water,,50,50,40,50,40,64,5,FALSE,0.5,4.5,Tadpole ,50,1,1,1,2,1,1,0.5,1,1,2,1,0.5,1,1,1,1,0.5,0.5
536,Palpitoad,water,ground,75,65,55,65,55,69,5,FALSE,0.8,17,Vibration ,50,1,1,1,0,1,1,0.5,1,1,4,1,1,1,0.5,1,0.5,0.5,1
537,Seismitoad,water,ground,105,95,75,85,75,74,5,FALSE,1.5,62,Vibration ,50,1,1,1,0,1,1,0.5,1,1,4,1,1,1,0.5,1,0.5,0.5,1
538,Throh,fighting,,120,100,85,30,85,45,5,FALSE,1.3,55.5,Judo ,100,0.5,0.5,1,1,2,1,1,2,1,1,1,1,1,1,2,0.5,1,1
539,Sawk,fighting,,75,125,75,30,75,85,5,FALSE,1.4,51,Karate ,100,0.5,0.5,1,1,2,1,1,2,1,1,1,1,1,1,2,0.5,1,1
540,Sewaddle,bug,grass,45,53,70,40,60,42,5,FALSE,0.3,2.5,Sewing ,50,2,1,1,0.5,1,0.5,4,4,1,0.25,0.25,2,1,2,1,2,1,0.5
541,Swadloon,bug,grass,55,63,90,50,80,42,5,FALSE,0.5,7.3,Leaf-Wrapped ,50,2,1,1,0.5,1,0.5,4,4,1,0.25,0.25,2,1,2,1,2,1,0.5
542,Leavanny,bug,grass,75,103,80,70,80,92,5,FALSE,1.2,20.5,Nurturing ,50,2,1,1,0.5,1,0.5,4,4,1,0.25,0.25,2,1,2,1,2,1,0.5
543,Venipede,bug,poison,30,45,59,30,39,57,5,FALSE,0.4,5.3,Centipede ,50,0.5,1,1,1,0.5,0.25,2,2,1,0.25,1,1,1,0.5,2,2,1,1
544,Whirlipede,bug,poison,40,55,99,40,79,47,5,FALSE,1.2,58.5,Curlipede ,50,0.5,1,1,1,0.5,0.25,2,2,1,0.25,1,1,1,0.5,2,2,1,1
545,Scolipede,bug,poison,60,100,89,55,69,112,5,FALSE,2.5,200.5,Megapede ,50,0.5,1,1,1,0.5,0.25,2,2,1,0.25,1,1,1,0.5,2,2,1,1
546,Cottonee,grass,fairy,40,27,60,37,50,66,5,FALSE,0.3,0.6,Cotton Puff ,50,1,0.5,0,0.5,1,0.5,2,2,1,0.5,0.5,2,1,4,1,1,2,0.5
547,Whimsicott,grass,fairy,60,67,85,77,75,116,5,FALSE,0.7,6.6,Windveiled ,50,1,0.5,0,0.5,1,0.5,2,2,1,0.5,0.5,2,1,4,1,1,2,0.5
548,Petilil,grass,,45,35,50,70,50,30,5,FALSE,0.5,6.6,Bulb ,0,2,1,1,0.5,1,1,2,2,1,0.5,0.5,2,1,2,1,1,1,0.5
549,Lilligant,grass,,70,60,75,110,75,90,5,FALSE,1.1,16.3,Flowering ,0,2,1,1,0.5,1,1,2,2,1,0.5,0.5,2,1,2,1,1,1,0.5
550,Basculin,water,,70,92,65,80,55,98,5,FALSE,1,18,Hostile ,50,1,1,1,2,1,1,0.5,1,1,2,1,0.5,1,1,1,1,0.5,0.5
551,Sandile,ground,dark,50,72,35,35,35,65,5,FALSE,0.7,15.2,Desert Croc ,50,2,0.5,1,0,2,2,1,1,0.5,2,1,2,1,0.5,0,0.5,1,2
552,Krokorok,ground,dark,60,82,45,45,45,74,5,FALSE,1,33.4,Desert Croc ,50,2,0.5,1,0,2,2,1,1,0.5,2,1,2,1,0.5,0,0.5,1,2
553,Krookodile,ground,dark,95,117,80,65,70,92,5,FALSE,1.5,96.3,Intimidation ,50,2,0.5,1,0,2,2,1,1,0.5,2,1,2,1,0.5,0,0.5,1,2
554,Darumaka,fire,,70,90,45,15,45,50,5,FALSE,0.6,37.5,Zen Charm ,50,0.5,1,1,1,0.5,1,0.5,1,1,0.5,2,0.5,1,1,1,2,0.5,2
555,Darmanitan,fire,fire,105,30,105,140,105,55,5,FALSE,1.3,92.9,Blazing ,50,0.5,1,1,1,0.5,1,0.5,1,1,0.5,2,0.5,1,1,1,2,0.5,2
556,Maractus,grass,,75,86,67,106,67,60,5,FALSE,1,28,Cactus ,50,2,1,1,0.5,1,1,2,2,1,0.5,0.5,2,1,2,1,1,1,0.5
557,Dwebble,bug,rock,50,65,85,35,35,55,5,FALSE,0.3,14.5,Rock Inn ,50,1,1,1,1,1,1,1,1,1,1,1,1,0.5,0.5,1,2,2,2
558,Crustle,bug,rock,70,105,125,65,75,45,5,FALSE,1.4,200,Stone Home ,50,1,1,1,1,1,1,1,1,1,1,1,1,0.5,0.5,1,2,2,2
559,Scraggy,dark,fighting,50,75,70,35,70,48,5,FALSE,0.6,11.8,Shedding ,50,1,0.25,1,1,4,2,1,2,0.5,1,1,1,1,1,0,0.5,1,1
560,Scrafty,dark,fighting,65,90,115,45,115,58,5,FALSE,1.1,30,Hoodlum ,50,1,0.25,1,1,4,2,1,2,0.5,1,1,1,1,1,0,0.5,1,1
561,Sigilyph,psychic,flying,72,58,80,103,80,97,5,FALSE,1.4,14,Avianoid ,50,1,2,1,2,1,0.25,1,1,2,0.5,0,2,1,1,0.5,2,1,1
562,Yamask,ghost,,38,30,85,55,65,30,5,FALSE,0.5,1.5,Spirit ,50,0.5,2,1,1,1,0,1,1,2,1,1,1,0,0.5,1,1,1,1
563,Cofagrigus,ghost,,58,50,145,95,105,30,5,FALSE,1.7,76.5,Coffin ,50,0.5,2,1,1,1,0,1,1,2,1,1,1,0,0.5,1,1,1,1
564,Tirtouga,water,rock,54,78,103,53,45,22,5,FALSE,0.7,16.5,Prototurtle ,88.1,1,1,1,2,1,2,0.25,0.5,1,4,2,0.5,0.5,0.5,1,1,1,1
565,Carracosta,water,rock,74,108,133,83,65,32,5,FALSE,1.2,81,Prototurtle ,88.1,1,1,1,2,1,2,0.25,0.5,1,4,2,0.5,0.5,0.5,1,1,1,1
566,Archen,rock,flying,55,112,45,74,45,70,5,FALSE,0.5,9.5,First Bird ,88.1,0.5,1,1,2,1,1,0.5,0.5,1,1,0,2,0.5,0.5,1,2,2,2
567,Archeops,rock,flying,75,140,65,112,65,110,5,FALSE,1.4,32,First Bird ,88.1,0.5,1,1,2,1,1,0.5,0.5,1,1,0,2,0.5,0.5,1,2,2,2
568,Trubbish,poison,,50,50,62,40,62,65,5,FALSE,0.6,31,Trash Bag ,50,0.5,1,1,1,0.5,0.5,1,1,1,0.5,2,1,1,0.5,2,1,1,1
569,Garbodor,poison,,80,95,82,60,82,75,5,FALSE,1.9,107.3,Trash Heap ,50,0.5,1,1,1,0.5,0.5,1,1,1,0.5,2,1,1,0.5,2,1,1,1
570,Zorua,dark,,40,65,40,80,40,65,5,FALSE,0.7,12.5,Tricky Fox ,88.1,2,0.5,1,1,2,2,1,1,0.5,1,1,1,1,1,0,1,1,1
571,Zoroark,dark,,60,105,60,120,60,105,5,FALSE,1.6,81.1,Illusion Fox ,88.1,2,0.5,1,1,2,2,1,1,0.5,1,1,1,1,1,0,1,1,1
572,Minccino,normal,,55,50,40,40,40,75,5,FALSE,0.4,5.8,Chinchilla ,24.6,1,1,1,1,1,2,1,1,0,1,1,1,1,1,1,1,1,1
573,Cinccino,normal,,75,95,60,65,60,115,5,FALSE,0.5,7.5,Scarf ,24.6,1,1,1,1,1,2,1,1,0,1,1,1,1,1,1,1,1,1
574,Gothita,psychic,,45,30,50,55,65,45,5,FALSE,0.4,5.8,Fixation ,24.6,2,2,1,1,1,0.5,1,1,2,1,1,1,1,1,0.5,1,1,1
575,Gothorita,psychic,,60,45,70,75,85,55,5,FALSE,0.7,18,Manipulate ,24.6,2,2,1,1,1,0.5,1,1,2,1,1,1,1,1,0.5,1,1,1
576,Gothitelle,psychic,,70,55,95,95,110,65,5,FALSE,1.5,44,Astral Body ,24.6,2,2,1,1,1,0.5,1,1,2,1,1,1,1,1,0.5,1,1,1
577,Solosis,psychic,,45,30,40,105,50,20,5,FALSE,0.3,1,Cell ,50,2,2,1,1,1,0.5,1,1,2,1,1,1,1,1,0.5,1,1,1
578,Duosion,psychic,,65,40,50,125,60,30,5,FALSE,0.6,8,Mitosis ,50,2,2,1,1,1,0.5,1,1,2,1,1,1,1,1,0.5,1,1,1
579,Reuniclus,psychic,,110,65,75,125,85,30,5,FALSE,1,20.1,Multiplying ,50,2,2,1,1,1,0.5,1,1,2,1,1,1,1,1,0.5,1,1,1
580,Ducklett,water,flying,62,44,50,44,50,55,5,FALSE,0.5,5.5,Water Bird ,50,0.5,1,1,4,1,0.5,0.5,1,1,1,0,1,1,1,1,2,0.5,0.5
581,Swanna,water,flying,75,87,63,87,63,98,5,FALSE,1.3,24.2,White Bird ,50,0.5,1,1,4,1,0.5,0.5,1,1,1,0,1,1,1,1,2,0.5,0.5
582,Vanillite,ice,,36,50,50,65,60,44,5,FALSE,0.4,5.7,Fresh Snow ,50,1,1,1,1,1,2,2,1,1,1,1,0.5,1,1,1,2,2,1
583,Vanillish,ice,,51,65,65,80,75,59,5,FALSE,1.1,41,Icy Snow ,50,1,1,1,1,1,2,2,1,1,1,1,0.5,1,1,1,2,2,1
584,Vanilluxe,ice,,71,95,85,110,95,79,5,FALSE,1.3,57.5,Snowstorm ,50,1,1,1,1,1,2,2,1,1,1,1,0.5,1,1,1,2,2,1
585,Deerling,normal,grass,60,60,50,40,50,75,5,FALSE,0.6,19.5,Season ,50,2,1,1,0.5,1,2,2,2,0,0.5,0.5,2,1,2,1,1,1,0.5
586,Sawsbuck,normal,grass,80,100,70,60,70,95,5,FALSE,1.9,92.5,Season ,50,2,1,1,0.5,1,2,2,2,0,0.5,0.5,2,1,2,1,1,1,0.5
587,Emolga,electric,flying,55,75,60,75,60,103,5,FALSE,0.4,5,Sky Squirrel ,50,0.5,1,1,1,1,0.5,1,0.5,1,0.5,0,2,1,1,1,2,0.5,1
588,Karrablast,bug,,50,75,45,40,45,60,5,FALSE,0.5,5.9,Clamping ,50,1,1,1,1,1,0.5,2,2,1,0.5,0.5,1,1,1,1,2,1,1
589,Escavalier,bug,steel,70,135,105,60,105,20,5,FALSE,1,33,Cavalry ,50,0.5,1,0.5,1,0.5,1,4,1,1,0.25,1,0.5,0.5,0,0.5,1,0.5,1
590,Foongus,grass,poison,69,55,45,55,55,15,5,FALSE,0.2,1,Mushroom ,50,1,1,1,0.5,0.5,0.5,2,2,1,0.25,1,2,1,1,2,1,1,0.5
591,Amoonguss,grass,poison,114,85,70,85,80,30,5,FALSE,0.6,10.5,Mushroom ,50,1,1,1,0.5,0.5,0.5,2,2,1,0.25,1,2,1,1,2,1,1,0.5
592,Frillish,water,ghost,55,40,50,65,85,40,5,FALSE,1.2,33,Floating ,50,0.5,2,1,2,1,0,0.5,1,2,2,1,0.5,0,0.5,1,1,0.5,0.5
593,Jellicent,water,ghost,100,60,70,85,105,60,5,FALSE,2.2,135,Floating ,50,0.5,2,1,2,1,0,0.5,1,2,2,1,0.5,0,0.5,1,1,0.5,0.5
594,Alomomola,water,,165,75,80,40,45,65,5,FALSE,1.2,31.6,Caring ,50,1,1,1,2,1,1,0.5,1,1,2,1,0.5,1,1,1,1,0.5,0.5
595,Joltik,bug,electric,50,47,50,57,50,65,5,FALSE,0.1,0.6,Attaching ,50,1,1,1,0.5,1,0.5,2,1,1,0.5,1,1,1,1,1,2,0.5,1
596,Galvantula,bug,electric,70,77,60,97,60,108,5,FALSE,0.8,14.3,EleSpider ,50,1,1,1,0.5,1,0.5,2,1,1,0.5,1,1,1,1,1,2,0.5,1
597,Ferroseed,grass,steel,44,50,91,24,86,10,5,FALSE,0.6,18.8,Thorn Seed ,50,1,1,0.5,0.5,0.5,2,4,1,1,0.25,1,1,0.5,0,0.5,0.5,0.5,0.5
598,Ferrothorn,grass,steel,74,94,131,54,116,20,5,FALSE,1,110,Thorn Pod ,50,1,1,0.5,0.5,0.5,2,4,1,1,0.25,1,1,0.5,0,0.5,0.5,0.5,0.5
599,Klink,steel,,40,55,70,45,60,30,5,FALSE,0.3,21,Gear ,,0.5,1,0.5,1,0.5,2,2,0.5,1,0.5,2,0.5,0.5,0,0.5,0.5,0.5,1
600,Klang,steel,,60,80,95,70,85,50,5,FALSE,0.6,51,Gear ,,0.5,1,0.5,1,0.5,2,2,0.5,1,0.5,2,0.5,0.5,0,0.5,0.5,0.5,1
601,Klinklang,steel,,60,100,115,70,85,90,5,FALSE,0.6,81,Gear ,,0.5,1,0.5,1,0.5,2,2,0.5,1,0.5,2,0.5,0.5,0,0.5,0.5,0.5,1
602,Tynamo,electric,,35,55,40,45,40,60,5,FALSE,0.2,0.3,EleFish ,50,1,1,1,0.5,1,1,1,0.5,1,1,2,1,1,1,1,1,0.5,1
603,Eelektrik,electric,,65,85,70,75,70,40,5,FALSE,1.2,22,EleFish ,50,1,1,1,0.5,1,1,1,0.5,1,1,2,1,1,1,1,1,0.5,1
604,Eelektross,electric,,85,115,80,105,80,50,5,FALSE,2.1,80.5,EleFish ,50,1,1,1,0.5,1,1,1,0.5,1,1,2,1,1,1,1,1,0.5,1
605,Elgyem,psychic,,55,55,55,85,55,30,5,FALSE,0.5,9,Cerebral ,50,2,2,1,1,1,0.5,1,1,2,1,1,1,1,1,0.5,1,1,1
606,Beheeyem,psychic,,75,75,75,125,95,40,5,FALSE,1,34.5,Cerebral ,50,2,2,1,1,1,0.5,1,1,2,1,1,1,1,1,0.5,1,1,1
607,Litwick,ghost,fire,50,30,55,65,55,20,5,FALSE,0.3,3.1,Candle ,50,0.25,2,1,1,0.5,0,0.5,1,2,0.5,2,0.5,0,0.5,1,2,0.5,2
608,Lampent,ghost,fire,60,40,60,95,60,55,5,FALSE,0.6,13,Lamp ,50,0.25,2,1,1,0.5,0,0.5,1,2,0.5,2,0.5,0,0.5,1,2,0.5,2
609,Chandelure,ghost,fire,60,55,90,145,90,80,5,FALSE,1,34.3,Luring ,50,0.25,2,1,1,0.5,0,0.5,1,2,0.5,2,0.5,0,0.5,1,2,0.5,2
610,Axew,dragon,,46,87,60,30,40,57,5,FALSE,0.6,18,Tusk ,50,1,1,2,0.5,2,1,0.5,1,1,0.5,1,2,1,1,1,1,1,0.5
611,Fraxure,dragon,,66,117,70,40,50,67,5,FALSE,1,36,Axe Jaw ,50,1,1,2,0.5,2,1,0.5,1,1,0.5,1,2,1,1,1,1,1,0.5
612,Haxorus,dragon,,76,147,90,60,70,97,5,FALSE,1.8,105.5,Axe Jaw ,50,1,1,2,0.5,2,1,0.5,1,1,0.5,1,2,1,1,1,1,1,0.5
613,Cubchoo,ice,,55,70,40,60,40,40,5,FALSE,0.5,8.5,Chill ,50,1,1,1,1,1,2,2,1,1,1,1,0.5,1,1,1,2,2,1
614,Beartic,ice,,95,130,80,70,80,50,5,FALSE,2.6,260,Freezing ,50,1,1,1,1,1,2,2,1,1,1,1,0.5,1,1,1,2,2,1
615,Cryogonal,ice,,80,50,50,95,135,105,5,FALSE,1.1,148,Crystallizing ,NaN,1,1,1,1,1,2,2,1,1,1,1,0.5,1,1,1,2,2,1
616,Shelmet,bug,,50,40,85,40,65,25,5,FALSE,0.4,7.7,Snail ,50,1,1,1,1,1,0.5,2,2,1,0.5,0.5,1,1,1,1,2,1,1
617,Accelgor,bug,,80,70,40,100,60,145,5,FALSE,0.8,25.3,Shell Out ,50,1,1,1,1,1,0.5,2,2,1,0.5,0.5,1,1,1,1,2,1,1
618,Stunfisk,ground,electric,109,66,84,81,99,32,5,FALSE,0.7,11,Trap ,50,1,1,1,0,1,1,1,0.5,1,2,2,2,1,0.5,1,0.5,0.5,2
619,Mienfoo,fighting,,45,85,50,55,50,65,5,FALSE,0.9,20,Martial Arts ,50,0.5,0.5,1,1,2,1,1,2,1,1,1,1,1,1,2,0.5,1,1
620,Mienshao,fighting,,65,125,60,95,60,105,5,FALSE,1.4,35.5,Martial Arts ,50,0.5,0.5,1,1,2,1,1,2,1,1,1,1,1,1,2,0.5,1,1
621,Druddigon,dragon,,77,120,90,60,90,48,5,FALSE,1.6,139,Cave ,50,1,1,2,0.5,2,1,0.5,1,1,0.5,1,2,1,1,1,1,1,0.5
622,Golett,ground,ghost,59,74,50,35,50,35,5,FALSE,1,92,Automaton ,NaN,0.5,2,1,0,1,0,1,1,2,2,1,2,0,0.25,1,0.5,1,2
623,Golurk,ground,ghost,89,124,80,55,80,55,5,FALSE,2.8,330,Automaton ,NaN,0.5,2,1,0,1,0,1,1,2,2,1,2,0,0.25,1,0.5,1,2
624,Pawniard,dark,steel,45,85,70,40,40,60,5,FALSE,0.5,10.2,Sharp Blade ,50,1,0.5,0.5,1,1,4,2,0.5,0.5,0.5,2,0.5,0.5,0,0,0.5,0.5,1
625,Bisharp,dark,steel,65,125,100,60,70,70,5,FALSE,1.6,70,Sword Blade ,50,1,0.5,0.5,1,1,4,2,0.5,0.5,0.5,2,0.5,0.5,0,0,0.5,0.5,1
626,Bouffalant,normal,,95,110,95,40,95,55,5,FALSE,1.6,94.6,Bash Buffalo ,50,1,1,1,1,1,2,1,1,0,1,1,1,1,1,1,1,1,1
627,Rufflet,normal,flying,70,83,50,37,50,60,5,FALSE,0.5,10.5,Eaglet ,100,0.5,1,1,2,1,1,1,1,0,0.5,0,2,1,1,1,2,1,1
628,Braviary,normal,flying,100,123,75,57,75,80,5,FALSE,1.5,41,Valiant ,100,0.5,1,1,2,1,1,1,1,0,0.5,0,2,1,1,1,2,1,1
629,Vullaby,dark,flying,70,55,75,45,65,60,5,FALSE,0.5,9,Diapered ,0,1,0.5,1,2,2,1,1,1,0.5,0.5,0,2,1,1,0,2,1,1
630,Mandibuzz,dark,flying,110,65,105,55,95,80,5,FALSE,1.2,39.5,Bone Vulture ,0,1,0.5,1,2,2,1,1,1,0.5,0.5,0,2,1,1,0,2,1,1
631,Heatmor,fire,,85,97,66,105,66,65,5,FALSE,1.4,58,Anteater ,50,0.5,1,1,1,0.5,1,0.5,1,1,0.5,2,0.5,1,1,1,2,0.5,2
632,Durant,bug,steel,58,109,112,48,48,109,5,FALSE,0.3,33,Iron Ant ,50,0.5,1,0.5,1,0.5,1,4,1,1,0.25,1,0.5,0.5,0,0.5,1,0.5,1
633,Deino,dark,dragon,52,65,50,45,50,38,5,FALSE,0.8,17.3,Irate ,50,2,0.5,2,0.5,4,2,0.5,1,0.5,0.5,1,2,1,1,0,1,1,0.5
634,Zweilous,dark,dragon,72,85,70,65,70,58,5,FALSE,1.4,50,Hostile ,50,2,0.5,2,0.5,4,2,0.5,1,0.5,0.5,1,2,1,1,0,1,1,0.5
635,Hydreigon,dark,dragon,92,105,90,125,90,98,5,FALSE,1.8,160,Brutal ,50,2,0.5,2,0.5,4,2,0.5,1,0.5,0.5,1,2,1,1,0,1,1,0.5
636,Larvesta,bug,fire,55,85,55,50,55,60,5,FALSE,1.1,28.8,Torch ,50,0.5,1,1,1,0.5,0.5,1,2,1,0.25,1,0.5,1,1,1,4,0.5,2
637,Volcarona,bug,fire,85,60,65,135,105,100,5,FALSE,1.6,46,Sun ,50,0.5,1,1,1,0.5,0.5,1,2,1,0.25,1,0.5,1,1,1,4,0.5,2
638,Cobalion,steel,fighting,91,90,129,90,72,108,5,TRUE,2.1,250,Iron Will ,,0.25,0.5,0.5,1,1,2,2,1,1,0.5,2,0.5,0.5,0,1,0.25,0.5,1
639,Terrakion,rock,fighting,91,129,90,72,90,108,5,TRUE,1.9,260,Cavern ,,0.5,0.5,1,1,2,2,0.5,1,1,2,2,1,0.5,0.5,2,0.5,2,2
640,Virizion,grass,fighting,91,90,72,90,129,108,5,TRUE,2,200,Grassland ,NaN,1,0.5,1,0.5,2,1,2,4,1,0.5,0.5,2,1,2,2,0.5,1,0.5
641,Tornadus,flying,,79,100,80,110,90,121,5,TRUE,1.5,63,Cyclone ,100,0.5,1,1,2,1,0.5,1,1,1,0.5,0,2,1,1,1,2,1,1
642,Thundurus,electric,flying,79,105,70,145,80,101,5,TRUE,1.5,61,Bolt Strike ,100,0.5,1,1,1,1,0.5,1,0.5,1,0.5,0,2,1,1,1,2,0.5,1
643,Reshiram,dragon,fire,100,120,100,150,120,90,5,TRUE,3.2,330,Vast White ,NaN,0.5,1,2,0.5,1,1,0.25,1,1,0.25,2,1,1,1,1,2,0.5,1
644,Zekrom,dragon,electric,100,150,120,120,100,90,5,TRUE,2.9,345,Deep Black ,NaN,1,1,2,0.25,2,1,0.5,0.5,1,0.5,2,2,1,1,1,1,0.5,0.5
645,Landorus,ground,flying,89,145,90,105,80,91,5,TRUE,1.5,68,Abundance ,100,0.5,1,1,0,1,0.5,1,1,1,1,0,4,1,0.5,1,1,1,2
646,Kyurem,dragon,ice,125,120,90,170,100,95,5,TRUE,3,325,Boundary ,NaN,1,1,2,0.5,2,2,1,1,1,0.5,1,1,1,1,1,2,2,0.5
647,Keldeo,water,fighting,91,72,90,129,90,108,5,TRUE,1.4,48.5,Colt ,,0.5,0.5,1,2,2,1,0.5,2,1,2,1,0.5,1,1,2,0.5,0.5,0.5
648,Meloetta,normal,psychic,100,128,90,77,77,128,5,TRUE,0.6,6.5,Melody ,,2,2,1,1,1,1,1,1,0,1,1,1,1,1,0.5,1,1,1
649,Genesect,bug,steel,71,120,95,120,95,99,5,TRUE,1.5,82.5,Paleozoic ,NaN,0.5,1,0.5,1,0.5,1,4,1,1,0.25,1,0.5,0.5,0,0.5,1,0.5,1
650,Chespin,grass,,56,61,65,48,45,38,6,FALSE,0.4,9,Spiky Nut ,88.1,2,1,1,0.5,1,1,2,2,1,0.5,0.5,2,1,2,1,1,1,0.5
651,Quilladin,grass,,61,78,95,56,58,57,6,FALSE,0.7,29,Spiny Armor ,88.1,2,1,1,0.5,1,1,2,2,1,0.5,0.5,2,1,2,1,1,1,0.5
652,Chesnaught,grass,fighting,88,107,122,74,75,64,6,FALSE,1.6,90,Spiny Armor ,88.1,1,0.5,1,0.5,2,1,2,4,1,0.5,0.5,2,1,2,2,0.5,1,0.5
653,Fennekin,fire,,40,45,40,62,60,60,6,FALSE,0.4,9.4,Fox ,88.1,0.5,1,1,1,0.5,1,0.5,1,1,0.5,2,0.5,1,1,1,2,0.5,2
654,Braixen,fire,,59,59,58,90,70,73,6,FALSE,1,14.5,Fox ,88.1,0.5,1,1,1,0.5,1,0.5,1,1,0.5,2,0.5,1,1,1,2,0.5,2
655,Delphox,fire,psychic,75,69,72,114,100,104,6,FALSE,1.5,39,Fox ,88.1,1,2,1,1,0.5,0.5,0.5,1,2,0.5,2,0.5,1,1,0.5,2,0.5,2
656,Froakie,water,,41,56,40,62,44,71,6,FALSE,0.3,7,Bubble Frog ,88.1,1,1,1,2,1,1,0.5,1,1,2,1,0.5,1,1,1,1,0.5,0.5
657,Frogadier,water,,54,63,52,83,56,97,6,FALSE,0.6,10.9,Bubble Frog ,88.1,1,1,1,2,1,1,0.5,1,1,2,1,0.5,1,1,1,1,0.5,0.5
658,Greninja,water,dark,72,145,67,153,71,132,6,FALSE,1.5,40,Ninja ,88.1,2,0.5,1,2,2,2,0.5,1,0.5,2,1,0.5,1,1,0,1,0.5,0.5
659,Bunnelby,normal,,38,36,38,32,36,57,6,FALSE,0.4,5,Digging ,50,1,1,1,1,1,2,1,1,0,1,1,1,1,1,1,1,1,1
660,Diggersby,normal,ground,85,56,77,50,77,78,6,FALSE,1,42.4,Digging ,50,1,1,1,0,1,2,1,1,0,2,1,2,1,0.5,1,0.5,1,2
661,Fletchling,normal,flying,45,50,43,40,38,62,6,FALSE,0.3,1.7,Tiny Robin ,50,0.5,1,1,2,1,1,1,1,0,0.5,0,2,1,1,1,2,1,1
662,Fletchinder,fire,flying,62,73,55,56,52,84,6,FALSE,0.7,16,Ember ,50,0.25,1,1,2,0.5,0.5,0.5,1,1,0.25,0,1,1,1,1,4,0.5,2
663,Talonflame,fire,flying,78,81,71,74,69,126,6,FALSE,1.2,24.5,Scorching ,50,0.25,1,1,2,0.5,0.5,0.5,1,1,0.25,0,1,1,1,1,4,0.5,2
664,Scatterbug,bug,,38,35,40,27,25,35,6,FALSE,0.3,2.5,Scatterdust ,50,1,1,1,1,1,0.5,2,2,1,0.5,0.5,1,1,1,1,2,1,1
665,Spewpa,bug,,45,22,60,27,30,29,6,FALSE,0.3,8.4,Scatterdust ,50,1,1,1,1,1,0.5,2,2,1,0.5,0.5,1,1,1,1,2,1,1
666,Vivillon,bug,flying,80,52,50,90,50,89,6,FALSE,1.2,17,Scale ,50,0.5,1,1,2,1,0.25,2,2,1,0.25,0,2,1,1,1,4,1,1
667,Litleo,fire,normal,62,50,58,73,54,72,6,FALSE,0.6,13.5,Lion Cub ,11.2,0.5,1,1,1,0.5,2,0.5,1,0,0.5,2,0.5,1,1,1,2,0.5,2
668,Pyroar,fire,normal,86,68,72,109,66,106,6,FALSE,1.5,81.5,Royal ,11.2,0.5,1,1,1,0.5,2,0.5,1,0,0.5,2,0.5,1,1,1,2,0.5,2
669,Flabb,fairy,,44,38,39,61,79,42,6,FALSE,0.1,0.1,Single Bloom ,0,0.5,0.5,0,1,1,0.5,1,1,1,1,1,1,1,2,1,1,2,1
670,Floette,fairy,,74,65,67,125,128,92,6,FALSE,0.2,0.9,Fairy ,0,0.5,0.5,0,1,1,0.5,1,1,1,1,1,1,1,2,1,1,2,1
671,Florges,fairy,,78,65,68,112,154,75,6,FALSE,1.1,10,Garden ,0,0.5,0.5,0,1,1,0.5,1,1,1,1,1,1,1,2,1,1,2,1
672,Skiddo,grass,,66,65,48,62,57,52,6,FALSE,0.9,31,Mount ,50,2,1,1,0.5,1,1,2,2,1,0.5,0.5,2,1,2,1,1,1,0.5
673,Gogoat,grass,,123,100,62,97,81,68,6,FALSE,1.7,91,Mount ,50,2,1,1,0.5,1,1,2,2,1,0.5,0.5,2,1,2,1,1,1,0.5
674,Pancham,fighting,,67,82,62,46,48,43,6,FALSE,0.6,8,Playful ,50,0.5,0.5,1,1,2,1,1,2,1,1,1,1,1,1,2,0.5,1,1
675,Pangoro,fighting,dark,95,124,78,69,71,58,6,FALSE,2.1,136,Daunting ,50,1,0.25,1,1,4,2,1,2,0.5,1,1,1,1,1,0,0.5,1,1
676,Furfrou,normal,,75,80,60,65,90,102,6,FALSE,1.2,28,Poodle ,50,1,1,1,1,1,2,1,1,0,1,1,1,1,1,1,1,1,1
677,Espurr,psychic,,62,48,54,63,60,68,6,FALSE,0.3,3.5,Restraint ,50,2,2,1,1,1,0.5,1,1,2,1,1,1,1,1,0.5,1,1,1
678,Meowstic,psychic,,74,48,76,83,81,104,6,FALSE,0.6,8.5,Constraint ,50,2,2,1,1,1,0.5,1,1,2,1,1,1,1,1,0.5,1,1,1
679,Honedge,steel,ghost,45,80,100,35,37,28,6,FALSE,0.8,2,Sword ,50,0.25,2,0.5,1,0.5,0,2,0.5,2,0.5,2,0.5,0,0,0.5,0.5,0.5,1
680,Doublade,steel,ghost,59,110,150,45,49,35,6,FALSE,0.8,4.5,Sword ,50,0.25,2,0.5,1,0.5,0,2,0.5,2,0.5,2,0.5,0,0,0.5,0.5,0.5,1
681,Aegislash,steel,ghost,60,150,50,150,50,60,6,FALSE,1.7,53,Royal Sword ,50,0.25,2,0.5,1,0.5,0,2,0.5,2,0.5,2,0.5,0,0,0.5,0.5,0.5,1
682,Spritzee,fairy,,78,52,60,63,65,23,6,FALSE,0.2,0.5,Perfume ,50,0.5,0.5,0,1,1,0.5,1,1,1,1,1,1,1,2,1,1,2,1
683,Aromatisse,fairy,,101,72,72,99,89,29,6,FALSE,0.8,15.5,Fragrance ,50,0.5,0.5,0,1,1,0.5,1,1,1,1,1,1,1,2,1,1,2,1
684,Swirlix,fairy,,62,48,66,59,57,49,6,FALSE,0.4,3.5,Cotton Candy ,50,0.5,0.5,0,1,1,0.5,1,1,1,1,1,1,1,2,1,1,2,1
685,Slurpuff,fairy,,82,80,86,85,75,72,6,FALSE,0.8,5,Meringue ,50,0.5,0.5,0,1,1,0.5,1,1,1,1,1,1,1,2,1,1,2,1
686,Inkay,dark,psychic,53,54,53,37,46,45,6,FALSE,0.4,3.5,Revolving ,50,4,1,1,1,2,1,1,1,1,1,1,1,1,1,0,1,1,1
687,Malamar,dark,psychic,86,92,88,68,75,73,6,FALSE,1.5,47,Overturning ,50,4,1,1,1,2,1,1,1,1,1,1,1,1,1,0,1,1,1
688,Binacle,rock,water,42,52,67,39,56,50,6,FALSE,0.5,31,Two-Handed ,50,1,1,1,2,1,2,0.25,0.5,1,4,2,0.5,0.5,0.5,1,1,1,1
689,Barbaracle,rock,water,72,105,115,54,86,68,6,FALSE,1.3,96,Collective ,50,1,1,1,2,1,2,0.25,0.5,1,4,2,0.5,0.5,0.5,1,1,1,1
690,Skrelp,poison,water,50,60,60,60,60,30,6,FALSE,0.5,7.3,Mock Kelp ,50,0.5,1,1,2,0.5,0.5,0.5,1,1,1,2,0.5,1,0.5,2,1,0.5,0.5
691,Dragalge,poison,dragon,65,75,90,97,123,44,6,FALSE,1.8,81.5,Mock Kelp ,50,0.5,1,2,0.5,1,0.5,0.5,1,1,0.25,2,2,1,0.5,2,1,1,0.5
692,Clauncher,water,,50,53,62,58,63,44,6,FALSE,0.5,8.3,Water Gun ,50,1,1,1,2,1,1,0.5,1,1,2,1,0.5,1,1,1,1,0.5,0.5
693,Clawitzer,water,,71,73,88,120,89,59,6,FALSE,1.3,35.3,Howitzer ,50,1,1,1,2,1,1,0.5,1,1,2,1,0.5,1,1,1,1,0.5,0.5
694,Helioptile,electric,normal,44,38,33,61,43,70,6,FALSE,0.5,6,Generator ,50,1,1,1,0.5,1,2,1,0.5,0,1,2,1,1,1,1,1,0.5,1
695,Heliolisk,electric,normal,62,55,52,109,94,109,6,FALSE,1,21,Generator ,50,1,1,1,0.5,1,2,1,0.5,0,1,2,1,1,1,1,1,0.5,1
696,Tyrunt,rock,dragon,58,89,77,45,45,48,6,FALSE,0.8,26,Royal Heir ,88.1,1,1,2,0.5,2,2,0.25,0.5,1,1,2,2,0.5,0.5,1,1,2,1
697,Tyrantrum,rock,dragon,82,121,119,69,59,71,6,FALSE,2.5,270,Despot ,88.1,1,1,2,0.5,2,2,0.25,0.5,1,1,2,2,0.5,0.5,1,1,2,1
698,Amaura,rock,ice,77,59,50,67,63,46,6,FALSE,1.3,25.2,Tundra ,88.1,1,1,1,1,1,4,1,0.5,1,2,2,0.5,0.5,0.5,1,2,4,2
699,Aurorus,rock,ice,123,77,72,99,92,58,6,FALSE,2.7,225,Tundra ,88.1,1,1,1,1,1,4,1,0.5,1,2,2,0.5,0.5,0.5,1,2,4,2
700,Sylveon,fairy,,95,65,65,110,130,60,6,FALSE,1,23.5,Intertwining ,88.1,0.5,0.5,0,1,1,0.5,1,1,1,1,1,1,1,2,1,1,2,1
701,Hawlucha,fighting,flying,78,92,75,74,63,118,6,FALSE,0.8,21.5,Wrestling ,50,0.25,0.5,1,2,2,0.5,1,2,1,0.5,0,2,1,1,2,1,1,1
702,Dedenne,electric,fairy,67,58,57,81,67,101,6,FALSE,0.2,2.2,Antenna ,50,0.5,0.5,0,0.5,1,0.5,1,0.5,1,1,2,1,1,2,1,1,1,1
703,Carbink,rock,fairy,50,50,150,50,150,50,6,FALSE,0.3,5.7,Jewel ,,0.5,0.5,0,1,1,1,0.5,0.5,1,2,2,1,0.5,1,1,1,4,2
704,Goomy,dragon,,45,50,35,55,75,40,6,FALSE,0.3,2.8,Soft Tissue ,50,1,1,2,0.5,2,1,0.5,1,1,0.5,1,2,1,1,1,1,1,0.5
705,Sliggoo,dragon,,68,75,53,83,113,60,6,FALSE,0.8,17.5,Soft Tissue ,50,1,1,2,0.5,2,1,0.5,1,1,0.5,1,2,1,1,1,1,1,0.5
706,Goodra,dragon,,90,100,70,110,150,80,6,FALSE,2,150.5,Dragon ,50,1,1,2,0.5,2,1,0.5,1,1,0.5,1,2,1,1,1,1,1,0.5
707,Klefki,steel,fairy,57,80,91,80,87,75,6,FALSE,0.2,3,Key Ring ,50,0.25,0.5,0,1,0.5,1,2,0.5,1,0.5,2,0.5,0.5,0,0.5,0.5,1,1
708,Phantump,ghost,grass,43,70,48,50,60,38,6,FALSE,0.4,7,Stump ,50,1,2,1,0.5,1,0,2,2,2,0.5,0.5,2,0,1,1,1,1,0.5
709,Trevenant,ghost,grass,85,110,76,65,82,56,6,FALSE,1.5,71,Elder Tree ,50,1,2,1,0.5,1,0,2,2,2,0.5,0.5,2,0,1,1,1,1,0.5
710,Pumpkaboo,ghost,grass,59,66,70,44,55,41,6,FALSE,0.8,15,Pumpkin ,50,1,2,1,0.5,1,0,2,2,2,0.5,0.5,2,0,1,1,1,1,0.5
711,Gourgeist,ghost,grass,85,100,122,58,75,54,6,FALSE,1.7,39,Pumpkin ,50,1,2,1,0.5,1,0,2,2,2,0.5,0.5,2,0,1,1,1,1,0.5
712,Bergmite,ice,,55,69,85,32,35,28,6,FALSE,1,99.5,Ice Chunk ,50,1,1,1,1,1,2,2,1,1,1,1,0.5,1,1,1,2,2,1
713,Avalugg,ice,,95,117,184,44,46,28,6,FALSE,2,505,Iceberg ,50,1,1,1,1,1,2,2,1,1,1,1,0.5,1,1,1,2,2,1
714,Noibat,flying,dragon,40,30,35,45,40,55,6,FALSE,0.5,8,Sound Wave ,50,0.5,1,2,1,2,0.5,0.5,1,1,0.25,0,4,1,1,1,2,1,0.5
715,Noivern,flying,dragon,85,70,80,97,80,123,6,FALSE,1.5,85,Sound Wave ,50,0.5,1,2,1,2,0.5,0.5,1,1,0.25,0,4,1,1,1,2,1,0.5
716,Xerneas,fairy,,126,131,95,131,98,99,6,TRUE,3,215,Life ,NaN,0.5,0.5,0,1,1,0.5,1,1,1,1,1,1,1,2,1,1,2,1
717,Yveltal,dark,flying,126,131,95,131,98,99,6,TRUE,5.8,203,Destruction ,NaN,1,0.5,1,2,2,1,1,1,0.5,0.5,0,2,1,1,0,2,1,1
718,Zygarde,dragon,ground,216,100,121,91,95,85,6,TRUE,5,284.6,Order ,NaN,1,1,2,0,2,1,0.5,1,1,1,1,4,1,0.5,1,0.5,1,1
719,Diancie,rock,fairy,50,160,110,160,110,110,6,TRUE,0.7,8.8,Jewel ,,0.5,0.5,0,1,1,1,0.5,0.5,1,2,2,1,0.5,1,1,1,4,2
720,Hoopa,psychic,ghost,80,160,60,170,130,80,6,TRUE,,,Mischief,,1,4,1,1,1,0,1,1,4,1,1,1,0,0.5,0.5,1,1,1
721,Volcanion,fire,water,80,110,120,130,90,70,6,TRUE,1.7,195,Steam ,NaN,0.5,1,1,2,0.5,1,0.25,1,1,1,2,0.25,1,1,1,2,0.25,1
722,Rowlet,grass,flying,68,55,55,50,50,42,7,FALSE,0.3,1.5,Grass Quill ,88.1,1,1,1,1,1,0.5,2,2,1,0.25,0,4,1,2,1,2,1,0.5
723,Dartrix,grass,flying,78,75,75,70,70,52,7,FALSE,0.7,16,Blade Quill ,88.1,1,1,1,1,1,0.5,2,2,1,0.25,0,4,1,2,1,2,1,0.5
724,Decidueye,grass,ghost,78,107,75,100,100,70,7,FALSE,1.6,36.6,Arrow Quill ,88.1,1,2,1,0.5,1,0,2,2,2,0.5,0.5,2,0,1,1,1,1,0.5
725,Litten,fire,,45,65,40,60,40,70,7,FALSE,0.4,4.3,Fire Cat ,88.1,0.5,1,1,1,0.5,1,0.5,1,1,0.5,2,0.5,1,1,1,2,0.5,2
726,Torracat,fire,,65,85,50,80,50,90,7,FALSE,0.7,25,Fire Cat ,88.1,0.5,1,1,1,0.5,1,0.5,1,1,0.5,2,0.5,1,1,1,2,0.5,2
727,Incineroar,fire,dark,95,115,90,80,90,60,7,FALSE,1.8,83,Heel ,88.1,1,0.5,1,1,1,2,0.5,1,0.5,0.5,2,0.5,1,1,0,2,0.5,2
728,Popplio,water,,50,54,54,66,56,40,7,FALSE,0.4,7.5,Sea Lion ,88.1,1,1,1,2,1,1,0.5,1,1,2,1,0.5,1,1,1,1,0.5,0.5
729,Brionne,water,,60,69,69,91,81,50,7,FALSE,0.6,17.5,Pop Star ,88.1,1,1,1,2,1,1,0.5,1,1,2,1,0.5,1,1,1,1,0.5,0.5
730,Primarina,water,fairy,80,74,74,126,116,60,7,FALSE,1.8,44,Soloist ,88.1,0.5,0.5,0,2,1,0.5,0.5,1,1,2,1,0.5,1,2,1,1,1,0.5
731,Pikipek,normal,flying,35,75,30,30,30,65,7,FALSE,0.3,1.2,Woodpecker ,50,0.5,1,1,2,1,1,1,1,0,0.5,0,2,1,1,1,2,1,1
732,Trumbeak,normal,flying,55,85,50,40,50,75,7,FALSE,0.6,14.8,Bugle Beak ,50,0.5,1,1,2,1,1,1,1,0,0.5,0,2,1,1,1,2,1,1
733,Toucannon,normal,flying,80,120,75,75,75,60,7,FALSE,1.1,26,Cannon ,50,0.5,1,1,2,1,1,1,1,0,0.5,0,2,1,1,1,2,1,1
734,Yungoos,normal,,48,70,30,30,30,45,7,FALSE,0.4,6,Loitering ,50,1,1,1,1,1,2,1,1,0,1,1,1,1,1,1,1,1,1
735,Gumshoos,normal,,88,110,60,55,60,45,7,FALSE,0.7,14.2,Stakeout ,50,1,1,1,1,1,2,1,1,0,1,1,1,1,1,1,1,1,1
736,Grubbin,bug,,47,62,45,55,45,46,7,FALSE,0.4,4.4,Larva ,50,1,1,1,1,1,0.5,2,2,1,0.5,0.5,1,1,1,1,2,1,1
737,Charjabug,bug,electric,57,82,95,55,75,36,7,FALSE,0.5,10.5,Battery ,50,1,1,1,0.5,1,0.5,2,1,1,0.5,1,1,1,1,1,2,0.5,1
738,Vikavolt,bug,electric,77,70,90,145,75,43,7,FALSE,1.5,45,Stag Beetle ,50,1,1,1,0.5,1,0.5,2,1,1,0.5,1,1,1,1,1,2,0.5,1
739,Crabrawler,fighting,,47,82,57,42,47,63,7,FALSE,0.6,7,Boxing ,50,0.5,0.5,1,1,2,1,1,2,1,1,1,1,1,1,2,0.5,1,1
740,Crabominable,fighting,ice,97,132,77,62,67,43,7,FALSE,1.7,180,Woolly Crab ,50,0.5,0.5,1,1,2,2,2,2,1,1,1,0.5,1,1,2,1,2,1
741,Oricorio,fire,flying,75,70,70,98,70,93,7,FALSE,0.6,3.4,Dancing ,24.6,0.25,1,1,2,0.5,0.5,0.5,1,1,0.25,0,1,1,1,1,4,0.5,2
742,Cutiefly,bug,fairy,40,45,40,55,40,84,7,FALSE,0.1,0.2,Bee Fly ,50,0.5,0.5,0,1,1,0.25,2,2,1,0.5,0.5,1,1,2,1,2,2,1
743,Ribombee,bug,fairy,60,55,60,95,70,124,7,FALSE,0.2,0.5,Bee Fly ,50,0.5,0.5,0,1,1,0.25,2,2,1,0.5,0.5,1,1,2,1,2,2,1
744,Rockruff,rock,,45,65,40,30,40,60,7,FALSE,0.5,9.2,Puppy ,50,1,1,1,1,1,2,0.5,0.5,1,2,2,1,0.5,0.5,1,1,2,2
745,Lycanroc,rock,,85,115,75,55,75,82,7,FALSE,,,Wolf ,50,1,1,1,1,1,2,0.5,0.5,1,2,2,1,0.5,0.5,1,1,2,2
746,Wishiwashi,water,,45,140,130,140,135,30,7,FALSE,0.2,0.3,Small Fry ,50,1,1,1,2,1,1,0.5,1,1,2,1,0.5,1,1,1,1,0.5,0.5
747,Mareanie,poison,water,50,53,62,43,52,45,7,FALSE,0.4,8,Brutal Star ,50,0.5,1,1,2,0.5,0.5,0.5,1,1,1,2,0.5,1,0.5,2,1,0.5,0.5
748,Toxapex,poison,water,50,63,152,53,142,35,7,FALSE,0.7,14.5,Brutal Star ,50,0.5,1,1,2,0.5,0.5,0.5,1,1,1,2,0.5,1,0.5,2,1,0.5,0.5
749,Mudbray,ground,,70,100,70,45,55,45,7,FALSE,1,110,Donkey ,50,1,1,1,0,1,1,1,1,1,2,1,2,1,0.5,1,0.5,1,2
750,Mudsdale,ground,,100,125,100,55,85,35,7,FALSE,2.5,920,Draft Horse ,50,1,1,1,0,1,1,1,1,1,2,1,2,1,0.5,1,0.5,1,2
751,Dewpider,water,bug,38,40,52,40,72,27,7,FALSE,0.3,4,Water Bubble ,50,1,1,1,2,1,0.5,1,2,1,1,0.5,0.5,1,1,1,2,0.5,0.5
752,Araquanid,water,bug,68,70,92,50,132,42,7,FALSE,1.8,82,Water Bubble ,50,1,1,1,2,1,0.5,1,2,1,1,0.5,0.5,1,1,1,2,0.5,0.5
753,Fomantis,grass,,40,55,35,50,35,35,7,FALSE,0.3,1.5,Sickle Grass ,50,2,1,1,0.5,1,1,2,2,1,0.5,0.5,2,1,2,1,1,1,0.5
754,Lurantis,grass,,70,105,90,80,90,45,7,FALSE,0.9,18.5,Bloom Sickle ,50,2,1,1,0.5,1,1,2,2,1,0.5,0.5,2,1,2,1,1,1,0.5
755,Morelull,grass,fairy,40,35,55,65,75,15,7,FALSE,0.2,1.5,Illuminating ,50,1,0.5,0,0.5,1,0.5,2,2,1,0.5,0.5,2,1,4,1,1,2,0.5
756,Shiinotic,grass,fairy,60,45,80,90,100,30,7,FALSE,1,11.5,Illuminating ,50,1,0.5,0,0.5,1,0.5,2,2,1,0.5,0.5,2,1,4,1,1,2,0.5
757,Salandit,poison,fire,48,44,40,71,40,77,7,FALSE,0.6,4.8,Toxic Lizard ,88.1,0.25,1,1,1,0.25,0.5,0.5,1,1,0.25,4,0.5,1,0.5,2,2,0.5,2
758,Salazzle,poison,fire,68,64,60,111,60,117,7,FALSE,1.2,22.2,Toxic Lizard ,0,0.25,1,1,1,0.25,0.5,0.5,1,1,0.25,4,0.5,1,0.5,2,2,0.5,2
759,Stufful,normal,fighting,70,75,50,45,50,50,7,FALSE,0.5,6.8,Flailing ,50,0.5,0.5,1,1,2,2,1,2,0,1,1,1,1,1,2,0.5,1,1
760,Bewear,normal,fighting,120,125,80,55,60,60,7,FALSE,2.1,135,Strong Arm ,50,0.5,0.5,1,1,2,2,1,2,0,1,1,1,1,1,2,0.5,1,1
761,Bounsweet,grass,,42,30,38,30,38,32,7,FALSE,0.3,3.2,Fruit ,0,2,1,1,0.5,1,1,2,2,1,0.5,0.5,2,1,2,1,1,1,0.5
762,Steenee,grass,,52,40,48,40,48,62,7,FALSE,0.7,8.2,Fruit ,0,2,1,1,0.5,1,1,2,2,1,0.5,0.5,2,1,2,1,1,1,0.5
763,Tsareena,grass,,72,120,98,50,98,72,7,FALSE,1.2,21.4,Fruit ,0,2,1,1,0.5,1,1,2,2,1,0.5,0.5,2,1,2,1,1,1,0.5
764,Comfey,fairy,,51,52,90,82,110,100,7,FALSE,0.1,0.3,Posy Picker ,24.6,0.5,0.5,0,1,1,0.5,1,1,1,1,1,1,1,2,1,1,2,1
765,Oranguru,normal,psychic,90,60,80,90,110,60,7,FALSE,1.5,76,Sage ,50,2,2,1,1,1,1,1,1,0,1,1,1,1,1,0.5,1,1,1
766,Passimian,fighting,,100,120,90,40,60,80,7,FALSE,2,82.8,Teamwork ,50,0.5,0.5,1,1,2,1,1,2,1,1,1,1,1,1,2,0.5,1,1
767,Wimpod,bug,water,25,35,40,20,30,80,7,FALSE,0.5,12,Turn Tail ,50,1,1,1,2,1,0.5,1,2,1,1,0.5,0.5,1,1,1,2,0.5,0.5
768,Golisopod,bug,water,75,125,140,60,90,40,7,FALSE,2,108,Hard Scale ,50,1,1,1,2,1,0.5,1,2,1,1,0.5,0.5,1,1,1,2,0.5,0.5
769,Sandygast,ghost,ground,55,55,80,70,45,15,7,FALSE,0.5,70,Sand Heap ,50,0.5,2,1,0,1,0,1,1,2,2,1,2,0,0.25,1,0.5,1,2
770,Palossand,ghost,ground,85,75,110,100,75,35,7,FALSE,1.3,250,Sand Castle ,50,0.5,2,1,0,1,0,1,1,2,2,1,2,0,0.25,1,0.5,1,2
771,Pyukumuku,water,,55,60,130,30,130,5,7,FALSE,0.3,1.2,Sea Cucumber ,50,1,1,1,2,1,1,0.5,1,1,2,1,0.5,1,1,1,1,0.5,0.5
772,Type: Null,normal,,95,95,95,95,95,59,7,FALSE,1.9,120.5,Synthetic ,,1,1,1,1,1,2,1,1,0,1,1,1,1,1,1,1,1,1
773,Silvally,normal,,95,95,95,95,95,95,7,FALSE,2.3,100.5,Synthetic ,,1,1,1,1,1,2,1,1,0,1,1,1,1,1,1,1,1,1
774,Minior,rock,flying,60,100,60,100,60,120,7,FALSE,0.3,40,Meteor ,,0.5,1,1,2,1,1,0.5,0.5,1,1,0,2,0.5,0.5,1,2,2,2
775,Komala,normal,,65,115,65,75,95,65,7,FALSE,0.4,19.9,Drowsing ,50,1,1,1,1,1,2,1,1,0,1,1,1,1,1,1,1,1,1
776,Turtonator,fire,dragon,60,78,135,91,85,36,7,FALSE,2,212,Blast Turtle ,50,0.5,1,2,0.5,1,1,0.25,1,1,0.25,2,1,1,1,1,2,0.5,1
777,Togedemaru,electric,steel,65,98,63,40,73,96,7,FALSE,0.3,3.3,Roly-Poly ,50,0.5,1,0.5,0.5,0.5,2,2,0.25,1,0.5,4,0.5,0.5,0,0.5,0.5,0.25,1
778,Mimikyu,ghost,fairy,55,90,80,50,105,96,7,FALSE,0.2,0.7,Disguise ,50,0.25,1,0,1,1,0,1,1,2,1,1,1,0,1,1,1,2,1
779,Bruxish,water,psychic,68,105,70,70,70,92,7,FALSE,0.9,19,Gnash Teeth ,50,2,2,1,2,1,0.5,0.5,1,2,2,1,0.5,1,1,0.5,1,0.5,0.5
780,Drampa,normal,dragon,78,60,85,135,91,36,7,FALSE,3,185,Placid ,50,1,1,2,0.5,2,2,0.5,1,0,0.5,1,2,1,1,1,1,1,0.5
781,Dhelmise,ghost,grass,70,131,100,86,90,40,7,FALSE,3.9,210,Sea Creeper ,NaN,1,2,1,0.5,1,0,2,2,2,0.5,0.5,2,0,1,1,1,1,0.5
782,Jangmo-o,dragon,,45,55,65,45,45,45,7,FALSE,0.6,29.7,Scaly ,50,1,1,2,0.5,2,1,0.5,1,1,0.5,1,2,1,1,1,1,1,0.5
783,Hakamo-o,dragon,fighting,55,75,90,65,70,65,7,FALSE,1.2,47,Scaly ,50,0.5,0.5,2,0.5,4,1,0.5,2,1,0.5,1,2,1,1,2,0.5,1,0.5
784,Kommo-o,dragon,fighting,75,110,125,100,105,85,7,FALSE,1.6,78.2,Scaly ,50,0.5,0.5,2,0.5,4,1,0.5,2,1,0.5,1,2,1,1,2,0.5,1,0.5
785,Tapu Koko,electric,fairy,70,115,85,95,75,130,7,TRUE,1.8,20.5,Land Spirit ,,0.5,0.5,0,0.5,1,0.5,1,0.5,1,1,2,1,1,2,1,1,1,1
786,Tapu Lele,psychic,fairy,70,85,75,130,115,95,7,TRUE,1.2,18.6,Land Spirit ,,1,1,0,1,1,0.25,1,1,2,1,1,1,1,2,0.5,1,2,1
787,Tapu Bulu,grass,fairy,70,130,115,85,95,75,7,TRUE,1.9,45.5,Land Spirit ,NaN,1,0.5,0,0.5,1,0.5,2,2,1,0.5,0.5,2,1,4,1,1,2,0.5
788,Tapu Fini,water,fairy,70,75,115,95,130,85,7,TRUE,1.3,21.2,Land Spirit ,,0.5,0.5,0,2,1,0.5,0.5,1,1,2,1,0.5,1,2,1,1,1,0.5
789,Cosmog,psychic,,43,29,31,29,31,37,7,TRUE,0.2,0.1,Nebula ,,2,2,1,1,1,0.5,1,1,2,1,1,1,1,1,0.5,1,1,1
790,Cosmoem,psychic,,43,29,131,29,131,37,7,TRUE,0.1,999.9,Protostar ,,2,2,1,1,1,0.5,1,1,2,1,1,1,1,1,0.5,1,1,1
791,Solgaleo,psychic,steel,137,137,107,113,89,97,7,TRUE,3.4,230,Sunne ,,1,2,0.5,1,0.5,1,2,0.5,2,0.5,2,0.5,0.5,0,0.25,0.5,0.5,1
792,Lunala,psychic,ghost,137,113,89,137,107,97,7,TRUE,4,120,Moone ,,1,4,1,1,1,0,1,1,4,1,1,1,0,0.5,0.5,1,1,1
793,Nihilego,rock,poison,109,53,47,127,131,103,7,TRUE,1.2,55.5,Parasite ,,0.5,1,1,1,0.5,1,0.5,0.5,1,1,4,1,0.5,0.25,2,1,2,2
794,Buzzwole,bug,fighting,107,139,139,53,53,79,7,TRUE,2.4,333.6,Swollen ,NaN,0.5,0.5,1,1,2,0.5,2,4,1,0.5,0.5,1,1,1,2,1,1,1
795,Pheromosa,bug,fighting,71,137,37,137,37,151,7,TRUE,1.8,25,Lissome ,NaN,0.5,0.5,1,1,2,0.5,2,4,1,0.5,0.5,1,1,1,2,1,1,1
796,Xurkitree,electric,,83,89,71,173,71,83,7,TRUE,3.8,100,Glowing ,NaN,1,1,1,0.5,1,1,1,0.5,1,1,2,1,1,1,1,1,0.5,1
797,Celesteela,steel,flying,97,101,103,107,101,61,7,TRUE,9.2,999.9,Launch ,,0.25,1,0.5,2,0.5,1,2,0.5,1,0.25,0,1,0.5,0,0.5,1,0.5,1
798,Kartana,grass,steel,59,181,131,59,31,109,7,TRUE,0.3,0.1,Drawn Sword ,NaN,1,1,0.5,0.5,0.5,2,4,1,1,0.25,1,1,0.5,0,0.5,0.5,0.5,0.5
799,Guzzlord,dark,dragon,223,101,53,97,53,43,7,TRUE,5.5,888,Junkivore ,NaN,2,0.5,2,0.5,4,2,0.5,1,0.5,0.5,1,2,1,1,0,1,1,0.5
800,Necrozma,psychic,,97,107,101,127,89,79,7,TRUE,2.4,230,Prism ,,2,2,1,1,1,0.5,1,1,2,1,1,1,1,1,0.5,1,1,1
801,Magearna,steel,fairy,80,95,115,130,115,65,7,TRUE,1,80.5,Artificial ,,0.25,0.5,0,1,0.5,1,2,0.5,1,0.5,2,0.5,0.5,0,0.5,0.5,1,1